Title,Keywords,APIName,Description,Namespace,Guid,Type
AddCorrectionFactor,TemperatureRatingType.AddCorrectionFactor method,Overload:Autodesk.Revit.DB.Electrical.TemperatureRatingType.AddCorrectionFactor,,Autodesk.Revit.DB.Electrical,dcda35c8-963d-dd63-77b8-43fef18b3e27,method
AddCorrectionFactor,,"M:Autodesk.Revit.DB.Electrical.TemperatureRatingType.AddCorrectionFactor(System.Int64,System.Double)",Add a new electrical correction factor type to this temperature rating type.,Autodesk.Revit.DB.Electrical,e32ff820-ce01-d0b1-0f7a-0db2b530c249,
AddParameter,,"M:Autodesk.Revit.DB.FamilyManager.AddParameter(System.String,Autodesk.Revit.DB.BuiltInParameterGroup,Autodesk.Revit.DB.ParameterType,System.Boolean)",Add a new family parameter with a given name.,Autodesk.Revit.DB,c4ae686a-4f88-fb43-ca4c-16d50256128d,
AlignmentMethod,AnalyticalModelSurface.AlignmentMethod property,P:Autodesk.Revit.DB.Structure.AnalyticalModelSurface.AlignmentMethod,The alignment method option.,Autodesk.Revit.DB.Structure,803c7869-b83c-e826-b222-6740ce953efd,property
AnalyticalConsistencyChecking,"AnalyticalConsistencyChecking class, methods",Methods.T:Autodesk.Revit.DB.Structure.AnalyticalConsistencyChecking,,Autodesk.Revit.DB.Structure,ce6a6a30-2f4a-594c-b68f-b026c381f091,methods
AnalyticalConsistencyChecking,"AnalyticalConsistencyChecking class, about AnalyticalConsistencyChecking class",T:Autodesk.Revit.DB.Structure.AnalyticalConsistencyChecking,Utilities that allow for detection of incorrect or incomplete analytical consistency.,Autodesk.Revit.DB.Structure,904a2e1d-f74f-7645-2458-6aacb5274fb5,class
AnalyticalConsistencyChecking,Autodesk.Revit.DB.Structure.AnalyticalConsistencyChecking class,AllMembers.T:Autodesk.Revit.DB.Structure.AnalyticalConsistencyChecking,,Autodesk.Revit.DB.Structure,0f3b9e01-854c-ff35-5c00-50f826217323,class
AnalyticalLinkAutofixTolerance,StructuralSettings.AnalyticalLinkAutofixTolerance property,P:Autodesk.Revit.DB.Structure.StructuralSettings.AnalyticalLinkAutofixTolerance,Tolerance for the analytical link distance.,Autodesk.Revit.DB.Structure,fb8fc8db-8abd-fd6e-76da-7a3f8aa88280,property
AnalyticalModel,Autodesk.Revit.DB.Structure.AnalyticalModel class,AllMembers.T:Autodesk.Revit.DB.Structure.AnalyticalModel,,Autodesk.Revit.DB.Structure,d88466cb-025c-243f-1ebd-e65a6aa86948,class
AnalyticalModel,"AnalyticalModel class, methods",Methods.T:Autodesk.Revit.DB.Structure.AnalyticalModel,,Autodesk.Revit.DB.Structure,c941496f-6cf7-dc8e-a402-518978bc07ab,methods
AnalyticalModel,"AnalyticalModel class, properties",Properties.T:Autodesk.Revit.DB.Structure.AnalyticalModel,,Autodesk.Revit.DB.Structure,f8edffb3-0f1e-91da-5ca2-efefca7f2546,properties
AnalyticalModel,"AnalyticalModel class, about AnalyticalModel class",T:Autodesk.Revit.DB.Structure.AnalyticalModel,AnalyticalModel represents the Analytical Model portion of a given Structural Element.,Autodesk.Revit.DB.Structure,b4466cf0-0fa0-1f67-d442-fdf0fb073fc9,class
AnalyticalModelAutoCheckConsistency,StructuralSettings.AnalyticalModelAutoCheckConsistency property,P:Autodesk.Revit.DB.Structure.StructuralSettings.AnalyticalModelAutoCheckConsistency,Whether to check automatically for consistency between the analytical and physical models.,Autodesk.Revit.DB.Structure,dbcd2d52-d6f2-649d-194a-8cdc49a76784,property
AnalyticalModelAutoCheckMemberSupports,StructuralSettings.AnalyticalModelAutoCheckMemberSupports property,P:Autodesk.Revit.DB.Structure.StructuralSettings.AnalyticalModelAutoCheckMemberSupports,Whether to check automatically for member supports.,Autodesk.Revit.DB.Structure,efd8c9d5-eacd-0bed-a6b7-a03067a6e4dd,property
AnalyticalModelCheckAdjustment,StructuralSettings.AnalyticalModelCheckAdjustment property,P:Autodesk.Revit.DB.Structure.StructuralSettings.AnalyticalModelCheckAdjustment,Whether to check for analytical model distance from default location is larger than the tolerance defined by the property AnalyticalModelAdjustmentTolerance.,Autodesk.Revit.DB.Structure,16178348-32f5-ee25-b14f-0686a77406d6,property
AnalyticalModelCheckBeamSlabDistance,StructuralSettings.AnalyticalModelCheckBeamSlabDistance property,P:Autodesk.Revit.DB.Structure.StructuralSettings.AnalyticalModelCheckBeamSlabDistance,Whether to check the analytical model distance between beam and slab for a level.,Autodesk.Revit.DB.Structure,e0b22485-5fe5-a4a8-f991-a16cc6f95834,property
AnalyticalModelCheckCircularReferences,StructuralSettings.AnalyticalModelCheckCircularReferences property,P:Autodesk.Revit.DB.Structure.StructuralSettings.AnalyticalModelCheckCircularReferences,Whether to check member supports for circular references.,Autodesk.Revit.DB.Structure,24c10107-05b4-4349-eaea-51275318b11a,property
AnalyticalModelCheckDiscrepancy,StructuralSettings.AnalyticalModelCheckDiscrepancy property,P:Autodesk.Revit.DB.Structure.StructuralSettings.AnalyticalModelCheckDiscrepancy,Whether to check for distance between analytical and physical models greater than a tolerance defined by AnalyticalModelDiscrepancyTolerance.,Autodesk.Revit.DB.Structure,9a0b7302-1db6-e348-6a33-2f442527c840,property
AnalyticalModelCheckInstability,StructuralSettings.AnalyticalModelCheckInstability property,P:Autodesk.Revit.DB.Structure.StructuralSettings.AnalyticalModelCheckInstability,Whether to check for possible instability based on release conditions.,Autodesk.Revit.DB.Structure,cb3ac674-5530-98c0-10bf-24ad54800267,property
AnalyticalModelCheckSupportDistance,StructuralSettings.AnalyticalModelCheckSupportDistance property,P:Autodesk.Revit.DB.Structure.StructuralSettings.AnalyticalModelCheckSupportDistance,Check that joins in the physical model are consistent with proximity in the analytical model.,Autodesk.Revit.DB.Structure,46ef9252-f327-b536-da38-49db42efbf4b,property
AnalyticalModelColumn,"AnalyticalModelColumn class, properties",Properties.T:Autodesk.Revit.DB.Structure.AnalyticalModelColumn,,Autodesk.Revit.DB.Structure,93bfdacd-22a0-9171-9185-05ca3517aac6,properties
AnalyticalModelColumn,"AnalyticalModelColumn class, methods",Methods.T:Autodesk.Revit.DB.Structure.AnalyticalModelColumn,,Autodesk.Revit.DB.Structure,3a32c08e-1326-a1f0-c1f9-61beda92c881,methods
AnalyticalModelColumn,Autodesk.Revit.DB.Structure.AnalyticalModelColumn class,AllMembers.T:Autodesk.Revit.DB.Structure.AnalyticalModelColumn,,Autodesk.Revit.DB.Structure,15d1b239-4e88-80a1-9ca7-f8dc4c5041ec,class
AnalyticalModelColumn,"AnalyticalModelColumn class, about AnalyticalModelColumn class",T:Autodesk.Revit.DB.Structure.AnalyticalModelColumn,An element that represents the structural analytical model column.,Autodesk.Revit.DB.Structure,4ce2dfc6-1d91-1f4b-771f-a8ef6f40cf8b,class
AnalyticalModelDiscrepancyTolerance,StructuralSettings.AnalyticalModelDiscrepancyTolerance property,P:Autodesk.Revit.DB.Structure.StructuralSettings.AnalyticalModelDiscrepancyTolerance,Tolerance for the analytical-to-physical model distance.,Autodesk.Revit.DB.Structure,adafb003-b44c-4a66-7455-b577c1745c85,property
AnalyticalModelHorizontalAutofixTolerance,StructuralSettings.AnalyticalModelHorizontalAutofixTolerance property,P:Autodesk.Revit.DB.Structure.StructuralSettings.AnalyticalModelHorizontalAutofixTolerance,Tolerance for horizontal auto-detect for the analytical model.,Autodesk.Revit.DB.Structure,fa5bdb96-fa61-02a7-6fce-922a9a58b5dd,property
AnalyticalModelSketchComponent,"AnalyticalModelSketchComponent class, properties",Properties.T:Autodesk.Revit.DB.Structure.AnalyticalModelSketchComponent,,Autodesk.Revit.DB.Structure,9924de06-3d00-a634-3c1f-9e6e3d5a988f,properties
AnalyticalModelSketchComponent,Autodesk.Revit.DB.Structure.AnalyticalModelSketchComponent class,AllMembers.T:Autodesk.Revit.DB.Structure.AnalyticalModelSketchComponent,,Autodesk.Revit.DB.Structure,c45a0e79-1709-78fb-e596-17e0b7612ef9,class
AnalyticalModelSketchComponent,"AnalyticalModelSketchComponent class, methods",Methods.T:Autodesk.Revit.DB.Structure.AnalyticalModelSketchComponent,,Autodesk.Revit.DB.Structure,f74f008b-3966-7ba1-8f94-a36d1e28676b,methods
AnalyticalModelSketchComponent,"AnalyticalModelSketchComponent class, about AnalyticalModelSketchComponent class",T:Autodesk.Revit.DB.Structure.AnalyticalModelSketchComponent,"This is one component of an AnalyticalModelSketch, which exists to provide greater granularity over the Analytical Model than at the Element level.",Autodesk.Revit.DB.Structure,f73ce380-46d4-2bfa-84b2-33e67ea77afd,class
AnalyticalModelStick,"AnalyticalModelStick class, methods",Methods.T:Autodesk.Revit.DB.Structure.AnalyticalModelStick,,Autodesk.Revit.DB.Structure,2431d8d4-ad3f-7049-3a92-bf816970b77e,methods
AnalyticalModelStick,"AnalyticalModelStick class, about AnalyticalModelStick class",T:Autodesk.Revit.DB.Structure.AnalyticalModelStick,"An element that represents a stick in the structural analytical model. Could be one of beam, brace or column type.",Autodesk.Revit.DB.Structure,f9554dde-c9c3-dbb5-d603-0b922bc51fd9,class
AnalyticalModelStick,Autodesk.Revit.DB.Structure.AnalyticalModelStick class,AllMembers.T:Autodesk.Revit.DB.Structure.AnalyticalModelStick,,Autodesk.Revit.DB.Structure,89f82389-1208-53f1-0a7f-6b799067d1a0,class
AnalyticalModelStick,"AnalyticalModelStick class, properties",Properties.T:Autodesk.Revit.DB.Structure.AnalyticalModelStick,,Autodesk.Revit.DB.Structure,9b30ffcf-ea83-6469-8735-cc25de70b52a,properties
AnalyticalModelSupport,"AnalyticalModelSupport class, methods",Methods.T:Autodesk.Revit.DB.Structure.AnalyticalModelSupport,,Autodesk.Revit.DB.Structure,dcdae2df-8982-a9ac-af8b-84c205c0e0e7,methods
AnalyticalModelSupport,"AnalyticalModelSupport class, about AnalyticalModelSupport class",T:Autodesk.Revit.DB.Structure.AnalyticalModelSupport,"Represents one support for an Element, in the realm of the Analytical Model.",Autodesk.Revit.DB.Structure,5495eff0-e9d3-4319-4608-a80891bff861,class
AnalyticalModelSupport,"AnalyticalModelSupport class, properties",Properties.T:Autodesk.Revit.DB.Structure.AnalyticalModelSupport,,Autodesk.Revit.DB.Structure,5baaab0d-928e-c7ff-093e-8e74e53ef064,properties
AnalyticalModelSupport,Autodesk.Revit.DB.Structure.AnalyticalModelSupport class,AllMembers.T:Autodesk.Revit.DB.Structure.AnalyticalModelSupport,,Autodesk.Revit.DB.Structure,46891be2-3f69-e7c9-979c-7341e2cccc45,class
AnalyticalModelSupportDistanceTolerance,StructuralSettings.AnalyticalModelSupportDistanceTolerance property,P:Autodesk.Revit.DB.Structure.StructuralSettings.AnalyticalModelSupportDistanceTolerance,"The maximum distance between two structural elements, where analytical model support rules still apply.",Autodesk.Revit.DB.Structure,8c239cda-e813-70cc-b4e1-a3b048958745,property
AnalyticalModelSurface,"AnalyticalModelSurface class, about AnalyticalModelSurface class",T:Autodesk.Revit.DB.Structure.AnalyticalModelSurface,An element that represents a surface in the structural analytical model.,Autodesk.Revit.DB.Structure,8c656a67-d41d-c5e5-f75a-554173dfcdd9,class
AnalyticalModelSurface,Autodesk.Revit.DB.Structure.AnalyticalModelSurface class,AllMembers.T:Autodesk.Revit.DB.Structure.AnalyticalModelSurface,,Autodesk.Revit.DB.Structure,0748db25-6813-40da-5095-aa0b02125d73,class
AnalyticalModelSurface,"AnalyticalModelSurface class, properties",Properties.T:Autodesk.Revit.DB.Structure.AnalyticalModelSurface,,Autodesk.Revit.DB.Structure,ec791019-fd6f-f66b-1634-121a7bcc18f2,properties
AnalyticalModelSurface,"AnalyticalModelSurface class, methods",Methods.T:Autodesk.Revit.DB.Structure.AnalyticalModelSurface,,Autodesk.Revit.DB.Structure,353a73ff-033a-1451-3bda-24aeaeefc747,methods
AnalyticalModelVerticalAutofixTolerance,StructuralSettings.AnalyticalModelVerticalAutofixTolerance property,P:Autodesk.Revit.DB.Structure.StructuralSettings.AnalyticalModelVerticalAutofixTolerance,Tolerance for vertical auto-detect for the analytical model.,Autodesk.Revit.DB.Structure,d89b433d-567e-c0b0-2400-db0a0fa55b36,property
AnalyticalSupportChecking,"AnalyticalSupportChecking class, methods",Methods.T:Autodesk.Revit.DB.Structure.AnalyticalSupportChecking,,Autodesk.Revit.DB.Structure,8208e5f3-ff55-706c-dbbf-5ce288a145d0,methods
AnalyticalSupportChecking,"AnalyticalSupportChecking class, about AnalyticalSupportChecking class",T:Autodesk.Revit.DB.Structure.AnalyticalSupportChecking,Utilities that allow for detection of incorrect or incomplete analytical supports.,Autodesk.Revit.DB.Structure,2fda5ce6-9924-277a-e558-557067826ea3,class
AnalyticalSupportChecking,Autodesk.Revit.DB.Structure.AnalyticalSupportChecking class,AllMembers.T:Autodesk.Revit.DB.Structure.AnalyticalSupportChecking,,Autodesk.Revit.DB.Structure,2810f1a8-0a69-1e95-d5ec-e69ed5d20bb1,class
Approximate,AnalyticalModel.Approximate method,M:Autodesk.Revit.DB.Structure.AnalyticalModel.Approximate(System.Boolean),"Switches between non-approximated (e.g., Curved) Analytical Models and approximated (made up of lines only) Analytical Models",Autodesk.Revit.DB.Structure,e58958b2-66f6-4952-e094-d74ab3e6ddc6,method
BarDiameter,RebarBendData.BarDiameter property,P:Autodesk.Revit.DB.Structure.RebarBendData.BarDiameter,Defines bar model diameter of rebar,Autodesk.Revit.DB.Structure,e8781d02-e791-28f7-8840-a827bd022cf9,property
BarDiameter,RebarBarType.BarDiameter property,P:Autodesk.Revit.DB.Structure.RebarBarType.BarDiameter,Defines bar model diameter of rebar,Autodesk.Revit.DB.Structure,817554d1-a97f-7e49-6b16-c592a7a803cf,property
BarDiameter,BarTypeDiameterOptions.BarDiameter property,P:Autodesk.Revit.DB.BarTypeDiameterOptions.BarDiameter,Defines bar model diameter of rebar,Autodesk.Revit.DB,4732362c-bb91-4f79-4ed1-9778bcea80c0,property
BaseExtension,AnalyticalModelColumn.BaseExtension property,P:Autodesk.Revit.DB.Structure.AnalyticalModelColumn.BaseExtension,The base extension option.,Autodesk.Revit.DB.Structure,6c5d7481-86cc-5143-405c-2ac697bb7589,property
BaseExtensionMethod,AnalyticalModelColumn.BaseExtensionMethod property,P:Autodesk.Revit.DB.Structure.AnalyticalModelColumn.BaseExtensionMethod,The bottom extension method option.,Autodesk.Revit.DB.Structure,4eb2ec29-989d-f997-447e-8578a802a64c,property
BaseExtensionPlaneId,AnalyticalModelColumn.BaseExtensionPlaneId property,P:Autodesk.Revit.DB.Structure.AnalyticalModelColumn.BaseExtensionPlaneId,The bottom extension plane ID option.,Autodesk.Revit.DB.Structure,3a18fba0-0f22-7adc-2938-2aa6e2d6e558,property
BottomExtension,AnalyticalModelSurface.BottomExtension property,P:Autodesk.Revit.DB.Structure.AnalyticalModelSurface.BottomExtension,The bottom extension option.,Autodesk.Revit.DB.Structure,9702ea3f-3af0-abae-2f26-552b86634498,property
BottomExtensionMethod,AnalyticalModelSurface.BottomExtensionMethod property,P:Autodesk.Revit.DB.Structure.AnalyticalModelSurface.BottomExtensionMethod,The bottom extension method option.,Autodesk.Revit.DB.Structure,11dfd271-efa7-ef7a-46f4-ecbf6cfeef92,property
BottomExtensionPlaneId,AnalyticalModelSurface.BottomExtensionPlaneId property,P:Autodesk.Revit.DB.Structure.AnalyticalModelSurface.BottomExtensionPlaneId,The bottom extension plane ID option.,Autodesk.Revit.DB.Structure,107c90fb-f628-0d7a-0f65-df884ac6da0f,property
CanApproximate,AnalyticalModel.CanApproximate method,M:Autodesk.Revit.DB.Structure.AnalyticalModel.CanApproximate,Indicates if Analytical Model can be approximated or not.,Autodesk.Revit.DB.Structure,0c163086-eb70-fe6b-80ba-d99f4c603beb,method
CanDisableAutoDetect,AnalyticalModel.CanDisableAutoDetect method,M:Autodesk.Revit.DB.Structure.AnalyticalModel.CanDisableAutoDetect(Autodesk.Revit.DB.Structure.AnalyticalDirection),Indicates if Analytical Auto-detect can be disabled programmatically,Autodesk.Revit.DB.Structure,4998940d-475b-afba-d644-92bf4a60f9ca,method
CanExportWallGeometryAsExtrusion,ExporterIFCUtils.CanExportWallGeometryAsExtrusion method,"M:Autodesk.Revit.DB.IFC.ExporterIFCUtils.CanExportWallGeometryAsExtrusion(Autodesk.Revit.DB.Element,Autodesk.Revit.DB.IFC.IFCRange)",Identifies if the base geometry of the wall can be represented as an extrusion.,Autodesk.Revit.DB.IFC,cf1731a5-2183-02fd-3bbe-9e1ce975472e,method
CanHaveAnalyticalModel,Element.CanHaveAnalyticalModel method,M:Autodesk.Revit.DB.Element.CanHaveAnalyticalModel,Indicates whether the Element can have an Analytical Model.,Autodesk.Revit.DB,9765690e-dc7d-bb56-15b5-ffb75cb9b2f5,method
CanHaveRigidLinks,AnalyticalModel.CanHaveRigidLinks method,M:Autodesk.Revit.DB.Structure.AnalyticalModel.CanHaveRigidLinks,Indicates if Analytical Model supports Rigid Links.,Autodesk.Revit.DB.Structure,ea94b37d-9d84-9008-c44e-1cad1ca4c1a9,method
CanUseHardPoints,AnalyticalModel.CanUseHardPoints method,M:Autodesk.Revit.DB.Structure.AnalyticalModel.CanUseHardPoints,Indicates if Analytical Model can use Hard Points.,Autodesk.Revit.DB.Structure,a9ccf320-2eca-4303-76f3-b93a534fd50b,method
CheckAnalyticalConsistency,AnalyticalConsistencyChecking.CheckAnalyticalConsistency method,M:Autodesk.Revit.DB.Structure.AnalyticalConsistencyChecking.CheckAnalyticalConsistency(Autodesk.Revit.DB.Document),Checks consistency of the Analytical Model.,Autodesk.Revit.DB.Structure,8bbdddfb-6fcf-a915-40f6-9329eded5308,method
CheckAnalyticalModelAsset,StructuralSettings.CheckAnalyticalModelAsset property,P:Autodesk.Revit.DB.Structure.StructuralSettings.CheckAnalyticalModelAsset,Whether to check for valid Asset within the Material of associated Physical Element.,Autodesk.Revit.DB.Structure,510494d3-342f-9bea-0469-58d88b14cbc9,property
CheckMemberSupports,AnalyticalSupportChecking.CheckMemberSupports method,"M:Autodesk.Revit.DB.Structure.AnalyticalSupportChecking.CheckMemberSupports(Autodesk.Revit.DB.Document,System.String)",Check if the document contains unsupported Structural Elements.,Autodesk.Revit.DB.Structure,a6591ae7-d7bc-4afb-c8e1-146868128fa2,method
Clear,ElectricalSystemSet.Clear method,M:Autodesk.Revit.DB.Electrical.ElectricalSystemSet.Clear,"Removes every item from the set, rendering it empty.",Autodesk.Revit.DB.Electrical,3d9b9815-fafd-1139-eca0-9e7ebe4ed849,method
CloneAdjustment,AnalyticalModel.CloneAdjustment method,"M:Autodesk.Revit.DB.Structure.AnalyticalModel.CloneAdjustment(Autodesk.Revit.DB.Structure.AnalyticalModel,System.Int32)","The method clones the adjustment of one end of the AM on another AM, with respect to the one of the ends. One of the Analytical Model ends",Autodesk.Revit.DB.Structure,ad55a20a-8e66-6df4-3f84-acdf41ab3b3a,method
CloudVersion,FabricationConfigurationInfo.CloudVersion property,P:Autodesk.Revit.DB.FabricationConfigurationInfo.CloudVersion,This method is deprecated in Revit 2022 and may be removed in a future version of Revit.,Autodesk.Revit.DB,a2e07db3-b18c-983a-8325-35ee5c9f5ce6,property
Contains,ElectricalSystemSet.Contains method,M:Autodesk.Revit.DB.Electrical.ElectricalSystemSet.Contains(Autodesk.Revit.DB.Electrical.ElectricalSystem),,Autodesk.Revit.DB.Electrical,4d23bca2-1701-03ca-3d8a-ba5fd0cbd8f0,method
Create,,"M:Autodesk.Revit.DB.Structure.LineLoad.Create(Autodesk.Revit.DB.Document,Autodesk.Revit.DB.Structure.AnalyticalModelSurface,System.Int32,Autodesk.Revit.DB.XYZ,Autodesk.Revit.DB.XYZ,Autodesk.Revit.DB.Structure.LineLoadType)",Creates a new hosted line load within the project.,Autodesk.Revit.DB.Structure,2e299798-26c8-9e42-47de-d496151d1e3d,
Create,,"M:Autodesk.Revit.DB.Structure.LineLoad.Create(Autodesk.Revit.DB.Document,Autodesk.Revit.DB.Structure.AnalyticalModelStick,Autodesk.Revit.DB.XYZ,Autodesk.Revit.DB.XYZ,Autodesk.Revit.DB.Structure.LineLoadType)",Creates a new hosted line load within the project.,Autodesk.Revit.DB.Structure,e997ad6a-1514-bd83-526c-4a78c288dc3c,
Create,,"M:Autodesk.Revit.DB.Structure.PointLoad.Create(Autodesk.Revit.DB.Document,Autodesk.Revit.DB.Structure.AnalyticalModelStick,Autodesk.Revit.DB.Structure.AnalyticalElementSelector,Autodesk.Revit.DB.XYZ,Autodesk.Revit.DB.XYZ,Autodesk.Revit.DB.Structure.PointLoadType)",Creates a new hosted point load within the project.,Autodesk.Revit.DB.Structure,148c3cab-9019-57f2-9cc7-9439f03dee36,
Create,,"M:Autodesk.Revit.DB.Structure.AreaLoad.Create(Autodesk.Revit.DB.Document,Autodesk.Revit.DB.Structure.AnalyticalModelSurface,Autodesk.Revit.DB.XYZ,Autodesk.Revit.DB.Structure.AreaLoadType)",Creates a new hosted area load within the project.,Autodesk.Revit.DB.Structure,bcb18446-7075-a877-98aa-bb7148e94b21,
Create,GlobalParameter.Create method,Overload:Autodesk.Revit.DB.GlobalParameter.Create,,Autodesk.Revit.DB,6083657a-b5f5-2511-ac34-9217677a4d1c,method
Create,,"M:Autodesk.Revit.DB.GlobalParameter.Create(Autodesk.Revit.DB.Document,System.String,Autodesk.Revit.DB.ParameterType)",Creates a new Global Parameter in the given document.,Autodesk.Revit.DB,57899395-e9df-4066-121d-046ee7a7425e,
Create,,"M:Autodesk.Revit.DB.Structure.PointLoad.Create(Autodesk.Revit.DB.Document,Autodesk.Revit.DB.Structure.AnalyticalModel,Autodesk.Revit.DB.XYZ,Autodesk.Revit.DB.XYZ,Autodesk.Revit.DB.Structure.PointLoadType)",Creates a new hosted point load within the project.,Autodesk.Revit.DB.Structure,27d3d148-5204-705a-f0ae-777fc2829d09,
Current,ElectricalSystemSetIterator.Current property,P:Autodesk.Revit.DB.Electrical.ElectricalSystemSetIterator.Current,Retrieves the item that is the current focus of the iterator.,Autodesk.Revit.DB.Electrical,9d328405-2ba5-d25c-e3ec-6395cd88c017,property
DerivedAnalyticalModelDisabled,BuiltInFailures.AnalyticalModelFailures.DerivedAnalyticalModelDisabled property,P:Autodesk.Revit.DB.BuiltInFailures.AnalyticalModelFailures.DerivedAnalyticalModelDisabled,Derived Analytical Model was disabled. File was open in Contextual Analytical Model mode.,Autodesk.Revit.DB,287048da-d9a0-79aa-f3f8-208ac4c9a32b,property
DifferentiateAnalyticalEnds,StructuralSettings.DifferentiateAnalyticalEnds property,P:Autodesk.Revit.DB.Structure.StructuralSettings.DifferentiateAnalyticalEnds,"Whether to use a subcategory for the ends of a linear analytical model, rather than the main category.",Autodesk.Revit.DB.Structure,c05a3853-9e28-10ed-96e3-f0f5d6fb0ba1,property
Disconnect,AnalyticalModel.Disconnect method,M:Autodesk.Revit.DB.Structure.AnalyticalModel.Disconnect(Autodesk.Revit.DB.Structure.AnalyticalElementSelector),Unjoin from Hub Element.,Autodesk.Revit.DB.Structure,a0c3df52-46b1-5def-29a8-4238866db9aa,method
Dispose,AnalyticalModelSketchComponent.Dispose method,M:Autodesk.Revit.DB.Structure.AnalyticalModelSketchComponent.Dispose,Releases all resources used by the,Autodesk.Revit.DB.Structure,76477ce7-02a3-41df-c055-195aecea5e37,method
Dispose,AnalyticalModelSupport.Dispose method,M:Autodesk.Revit.DB.Structure.AnalyticalModelSupport.Dispose,Releases all resources used by the,Autodesk.Revit.DB.Structure,26dc3fb0-6a3e-3e97-1804-5e5c6e2406d8,method
Dispose,SetupEnergySimulationDialog.Dispose method,M:Autodesk.Revit.UI.SetupEnergySimulationDialog.Dispose,Releases all resources used by the,Autodesk.Revit.UI,9d390695-c996-356f-836e-a383521373ed,method
ElectricalSystemSet,"ElectricalSystemSet class, methods",Methods.T:Autodesk.Revit.DB.Electrical.ElectricalSystemSet,,Autodesk.Revit.DB.Electrical,6010b7fc-79ab-705d-5d3d-65196fcedbe2,methods
ElectricalSystemSet,"ElectricalSystemSet class, properties",Properties.T:Autodesk.Revit.DB.Electrical.ElectricalSystemSet,,Autodesk.Revit.DB.Electrical,1251da69-aa3f-4d98-97db-7255117a4b39,properties
ElectricalSystemSet,ElectricalSystemSet.ElectricalSystemSet constructor,M:Autodesk.Revit.DB.Electrical.ElectricalSystemSet.#ctor,Initializes a new instance of the class,Autodesk.Revit.DB.Electrical,b2a0d61c-e78e-1152-73f4-0a0c95d87b32,constructor
ElectricalSystemSet,Autodesk.Revit.DB.Electrical.ElectricalSystemSet class,AllMembers.T:Autodesk.Revit.DB.Electrical.ElectricalSystemSet,,Autodesk.Revit.DB.Electrical,57763921-bcab-c4f6-5ba0-675220f66aae,class
ElectricalSystemSet,"ElectricalSystemSet class, about ElectricalSystemSet class",T:Autodesk.Revit.DB.Electrical.ElectricalSystemSet,A set that can contain any type of object.,Autodesk.Revit.DB.Electrical,e460894a-8482-de7a-caa7-085cfafbd983,class
ElectricalSystemSetIterator,"ElectricalSystemSetIterator class, properties",Properties.T:Autodesk.Revit.DB.Electrical.ElectricalSystemSetIterator,,Autodesk.Revit.DB.Electrical,a9e67ffb-c3d5-2c9a-3b39-6d56becbb012,properties
ElectricalSystemSetIterator,"ElectricalSystemSetIterator class, methods",Methods.T:Autodesk.Revit.DB.Electrical.ElectricalSystemSetIterator,,Autodesk.Revit.DB.Electrical,9a905881-87bf-e694-9943-a4460d7c7209,methods
ElectricalSystemSetIterator,"ElectricalSystemSetIterator class, about ElectricalSystemSetIterator class",T:Autodesk.Revit.DB.Electrical.ElectricalSystemSetIterator,An iterator to a set.,Autodesk.Revit.DB.Electrical,a079ea3f-f430-a5b3-a8bb-e4686657b11e,class
ElectricalSystemSetIterator,Autodesk.Revit.DB.Electrical.ElectricalSystemSetIterator class,AllMembers.T:Autodesk.Revit.DB.Electrical.ElectricalSystemSetIterator,,Autodesk.Revit.DB.Electrical,a717acd6-ff32-2c48-03ff-3110b2d9dc46,class
ElectricalSystemSetIterator,ElectricalSystemSetIterator.ElectricalSystemSetIterator constructor,M:Autodesk.Revit.DB.Electrical.ElectricalSystemSetIterator.#ctor,For Internal Use Only.,Autodesk.Revit.DB.Electrical,f3ec742c-d67c-d1cd-ad64-8859ba99eed1,constructor
Enable,AnalyticalModel.Enable method,M:Autodesk.Revit.DB.Structure.AnalyticalModel.Enable(System.Boolean),"Enables or disables Analytical Model, if the Element allows a one-operation Analytical Model toggle.",Autodesk.Revit.DB.Structure,a6ed6fc3-c90b-9057-4f6e-1d81bab987cb,method
EnableAutoDetect,AnalyticalModelSketchComponent.EnableAutoDetect method,M:Autodesk.Revit.DB.Structure.AnalyticalModelSketchComponent.EnableAutoDetect,Enables Auto-detect on Sketch Component.,Autodesk.Revit.DB.Structure,89abc1dc-7409-fb42-ec34-6984af36c0bf,method
EnableAutoDetect,AnalyticalModel.EnableAutoDetect method,"M:Autodesk.Revit.DB.Structure.AnalyticalModel.EnableAutoDetect(Autodesk.Revit.DB.Structure.AnalyticalDirection,System.Boolean)",Enable or disable Analytical Auto-detect.,Autodesk.Revit.DB.Structure,29d2139d-7ff6-c4ed-c3b9-321b25299ea8,method
Erase,ElectricalSystemSet.Erase method,M:Autodesk.Revit.DB.Electrical.ElectricalSystemSet.Erase(Autodesk.Revit.DB.Electrical.ElectricalSystem),,Autodesk.Revit.DB.Electrical,5166890c-92ed-2048-8212-8703b009b309,method
EraseSchemaAndAllEntities,Schema.EraseSchemaAndAllEntities method,"M:Autodesk.Revit.DB.ExtensibleStorage.Schema.EraseSchemaAndAllEntities(Autodesk.Revit.DB.ExtensibleStorage.Schema,System.Boolean)","Erases all Entities corresponding to this Schema from all open documents, and erases this Schema from memory.",Autodesk.Revit.DB.ExtensibleStorage,80983aac-0cca-c211-1c7b-b5350624f046,method
ExternalDefinitionCreationOptions,,"M:Autodesk.Revit.DB.ExternalDefinitionCreationOptions.#ctor(System.String,Autodesk.Revit.DB.ParameterType)",Constructs the options using a specified name and type.,Autodesk.Revit.DB,e31e22aa-179f-322b-7ae5-f3f840cf4158,
ExternalDefinitionCreationOptions,ExternalDefinitionCreationOptions.ExternalDefinitionCreationOptions constructor,Overload:Autodesk.Revit.DB.ExternalDefinitionCreationOptions.#ctor,,Autodesk.Revit.DB,0d1d7a82-4c34-d0ce-b105-929a17aade08,constructor
FabricationBraSize,ParameterTypeId.FabricationBraSize property,P:Autodesk.Revit.DB.ParameterTypeId.FabricationBraSize,"""Size of Primary Branch End""",Autodesk.Revit.DB,7563b5f7-8f0d-f39a-f3c8-87b08858725f,property
FabricationCenterlineElevationOfPart,ParameterTypeId.FabricationCenterlineElevationOfPart property,P:Autodesk.Revit.DB.ParameterTypeId.FabricationCenterlineElevationOfPart,"""Centerline Elevation""",Autodesk.Revit.DB,a919aae9-a7ed-a0d1-f454-5622a5068d07,property
FabricationPriSize,ParameterTypeId.FabricationPriSize property,P:Autodesk.Revit.DB.ParameterTypeId.FabricationPriSize,"""Size of Primary End""",Autodesk.Revit.DB,e870f067-4120-50ce-6bbc-f88c95bfba91,property
FabricationSecSize,ParameterTypeId.FabricationSecSize property,P:Autodesk.Revit.DB.ParameterTypeId.FabricationSecSize,"""Size of Secondary End""",Autodesk.Revit.DB,d39ce820-890e-8cbd-9d34-073460d2142b,property
FabricationSpotBottomElevationIncludeInsulationOfPart,ParameterTypeId.FabricationSpotBottomElevationIncludeInsulationOfPart property,P:Autodesk.Revit.DB.ParameterTypeId.FabricationSpotBottomElevationIncludeInsulationOfPart,"""Spot Bottom Elevation with Insulation""",Autodesk.Revit.DB,79b415e9-cebe-0b24-02dc-b8173a761d8b,property
FabricationSpotBottomElevationOfPart,ParameterTypeId.FabricationSpotBottomElevationOfPart property,P:Autodesk.Revit.DB.ParameterTypeId.FabricationSpotBottomElevationOfPart,"""Spot Bottom Elevation""",Autodesk.Revit.DB,206a02d3-f3da-dc5a-3157-c57183d03997,property
FabricationSpotTopElevationIncludeInsulationOfPart,ParameterTypeId.FabricationSpotTopElevationIncludeInsulationOfPart property,P:Autodesk.Revit.DB.ParameterTypeId.FabricationSpotTopElevationIncludeInsulationOfPart,"""Spot Top Elevation with Insulation""",Autodesk.Revit.DB,f68998b3-944f-cfa7-fa28-6b42d0a647e2,property
FabricationSpotTopElevationOfPart,ParameterTypeId.FabricationSpotTopElevationOfPart property,P:Autodesk.Revit.DB.ParameterTypeId.FabricationSpotTopElevationOfPart,"""Spot Top Elevation""",Autodesk.Revit.DB,c3c08617-0697-ea18-b9e0-8353e0f77718,property
FilterStringRule,FilterStringRule.FilterStringRule constructor,Overload:Autodesk.Revit.DB.FilterStringRule.#ctor,,Autodesk.Revit.DB,2073eb67-0305-7ce2-c337-3bb2307b6f90,constructor
FilterStringRule,,"M:Autodesk.Revit.DB.FilterStringRule.#ctor(Autodesk.Revit.DB.FilterableValueProvider,Autodesk.Revit.DB.FilterStringRuleEvaluator,System.String,System.Boolean)",Constructs an instance of FilterStringRule.,Autodesk.Revit.DB,056fd8e1-a989-b262-8c8e-9e79ece62b01,
ForwardIterator,ElectricalSystemSet.ForwardIterator method,M:Autodesk.Revit.DB.Electrical.ElectricalSystemSet.ForwardIterator,Retrieve a forward moving iterator to the set.,Autodesk.Revit.DB.Electrical,994da28a-2331-0b34-41af-1b62a20d77c0,method
GetAlignmentMethod,AnalyticalModelStick.GetAlignmentMethod method,M:Autodesk.Revit.DB.Structure.AnalyticalModelStick.GetAlignmentMethod(Autodesk.Revit.DB.Structure.AnalyticalElementSelector),Gets the alignment method for a given selector.,Autodesk.Revit.DB.Structure,006d8b29-e66a-e329-fa12-72f5a86add3a,method
GetAllSpecs,UnitUtils.GetAllSpecs method,M:Autodesk.Revit.DB.UnitUtils.GetAllSpecs,Gets the identifiers of all available specs.,Autodesk.Revit.DB,ad24a211-de1d-5bef-a000-aaf504ab3aa7,method
GetAlphanumericRevisionSettings,RevisionSettings.GetAlphanumericRevisionSettings method,M:Autodesk.Revit.DB.RevisionSettings.GetAlphanumericRevisionSettings,Returns a copy of the AlphanumericRevisionSettings owned by this RevisionSettings object.,Autodesk.Revit.DB,46a9c661-ca67-81d1-5588-cc971a8a8b92,method
GetAnalyticalAlignmentMethod,AnalyticalModelSketchComponent.GetAnalyticalAlignmentMethod method,M:Autodesk.Revit.DB.Structure.AnalyticalModelSketchComponent.GetAnalyticalAlignmentMethod,Retrieves Analytical Alignment Method preset for Sketch Component.,Autodesk.Revit.DB.Structure,53e177e3-0388-a526-a083-4d3010b9c6c5,method
GetAnalyticalModel,Element.GetAnalyticalModel method,M:Autodesk.Revit.DB.Element.GetAnalyticalModel,Retrieves writeable Analytical Model for Element.,Autodesk.Revit.DB,351c2ce0-70c6-62e1-e675-5bd4c259d756,method
GetAnalyticalModelId,Element.GetAnalyticalModelId method,M:Autodesk.Revit.DB.Element.GetAnalyticalModelId,Retrieves the Element Id of the Analytical Model Element for this Element.,Autodesk.Revit.DB,a9c57b39-7948-3d09-f630-c528f5259af5,method
GetAnalyticalModelSketchComponents,AnalyticalModel.GetAnalyticalModelSketchComponents method,M:Autodesk.Revit.DB.Structure.AnalyticalModel.GetAnalyticalModelSketchComponents,"Retrieves a collection of AnalyticalModelSketchComponent objects, which are useful for those Analytical Models that have finer calibration below the Element level.",Autodesk.Revit.DB.Structure,9eb5af72-737f-989e-cbfe-9096685e363a,method
GetAnalyticalModelSupports,AnalyticalModel.GetAnalyticalModelSupports method,M:Autodesk.Revit.DB.Structure.AnalyticalModel.GetAnalyticalModelSupports,"Retrieves the AnalyticalModelSupport array, which is useful to extract Analytical Support Information from Elements.",Autodesk.Revit.DB.Structure,15f01976-9e34-8850-6fa8-79c77a7ed3a4,method
GetAnalyticalProjectionDatumPlane,AnalyticalModelSketchComponent.GetAnalyticalProjectionDatumPlane method,M:Autodesk.Revit.DB.Structure.AnalyticalModelSketchComponent.GetAnalyticalProjectionDatumPlane,Retrieves Datum Plane ElementId for Analytical Projection,Autodesk.Revit.DB.Structure,67f09d1e-965f-b4d3-d658-63a0907e45f9,method
GetAnalyticalProjectionType,AnalyticalModelSketchComponent.GetAnalyticalProjectionType method,M:Autodesk.Revit.DB.Structure.AnalyticalModelSketchComponent.GetAnalyticalProjectionType,Retrieves Analytical Projection Type preset for Sketch Component.,Autodesk.Revit.DB.Structure,06f7dcb8-dc6c-d627-2aeb-e851d77b1c2b,method
GetAnalyzeAs,AnalyticalModel.GetAnalyzeAs method,M:Autodesk.Revit.DB.Structure.AnalyticalModel.GetAnalyzeAs,Returns value of Analyze As parameter for Analytical Model.,Autodesk.Revit.DB.Structure,2b1f695f-822a-caef-6d55-af53a385d4a1,method
GetApproximationDeviation,AnalyticalModel.GetApproximationDeviation method,M:Autodesk.Revit.DB.Structure.AnalyticalModel.GetApproximationDeviation,Retrieves amount by which approximation is made.,Autodesk.Revit.DB.Structure,0a5eac4e-b6de-937e-1413-9b1d6f9d7a52,method
GetAutoDetectMatchedElements,AnalyticalModel.GetAutoDetectMatchedElements method,M:Autodesk.Revit.DB.Structure.AnalyticalModel.GetAutoDetectMatchedElements(Autodesk.Revit.DB.Structure.AnalyticalDirection),Retrieves other Element Ids that this Element is Auto-detecting against.,Autodesk.Revit.DB.Structure,f31fffe0-d0bd-d42c-d53c-0f983ed8cd1a,method
GetAutoDetectMatchedElements,AnalyticalModelSketchComponent.GetAutoDetectMatchedElements method,M:Autodesk.Revit.DB.Structure.AnalyticalModelSketchComponent.GetAutoDetectMatchedElements,Retrieves ElementIds that Sketch Component is Auto-detecting against.,Autodesk.Revit.DB.Structure,7720df79-84cb-c1e0-308c-06b8c1e378b7,method
GetBarDiameter,RebarUpdateCurvesData.GetBarDiameter method,M:Autodesk.Revit.DB.Structure.RebarUpdateCurvesData.GetBarDiameter,Gets the model diameter of the Rebar.,Autodesk.Revit.DB.Structure,b0c63509-37f5-1761-c3f6-42c95d49c50b,method
GetComponentElementId,AnalyticalModelSketchComponent.GetComponentElementId method,M:Autodesk.Revit.DB.Structure.AnalyticalModelSketchComponent.GetComponentElementId,"Retrieves ElementId of Sketch Component, if such an operation makes sense.",Autodesk.Revit.DB.Structure,8ab9f6ca-1029-71e7-a4d2-998a3293c8ed,method
GetCurve,AnalyticalModel.GetCurve method,M:Autodesk.Revit.DB.Structure.AnalyticalModel.GetCurve,"Returns the single curve of the Analytical Model, if it is only one curve.",Autodesk.Revit.DB.Structure,02d18332-5cdf-9751-704e-f801deb632eb,method
GetCurve,AnalyticalModelSupport.GetCurve method,M:Autodesk.Revit.DB.Structure.AnalyticalModelSupport.GetCurve,Retrieves the curve providing support.,Autodesk.Revit.DB.Structure,a8c1ac4f-a4b3-2257-5f7b-6372d1c9b4e7,method
GetCurves,AnalyticalModel.GetCurves method,M:Autodesk.Revit.DB.Structure.AnalyticalModel.GetCurves(Autodesk.Revit.DB.Structure.AnalyticalCurveType),Retrieves all curves for the Analytical Model of a given type.,Autodesk.Revit.DB.Structure,da25ee1c-4685-20e6-728e-e5c92141edb0,method
GetElementId,AnalyticalModel.GetElementId method,M:Autodesk.Revit.DB.Structure.AnalyticalModel.GetElementId,Retrieves Element Id of the structural element corresponding to the Analytical Model.,Autodesk.Revit.DB.Structure,d088ce22-6222-1324-ed06-2e60aa41ea15,method
GetEnumerator,ElectricalSystemSet.GetEnumerator method,M:Autodesk.Revit.DB.Electrical.ElectricalSystemSet.GetEnumerator,Retrieve a forward moving iterator to the set.,Autodesk.Revit.DB.Electrical,b5d9918d-b36c-a0f4-d172-3383752554ae,method
GetFace,AnalyticalModelSupport.GetFace method,M:Autodesk.Revit.DB.Structure.AnalyticalModelSupport.GetFace,"Retrieves surface providing support,",Autodesk.Revit.DB.Structure,8d642c2b-8518-23ae-27b1-0cd2ad907e25,method
GetGroupName,FabricationService.GetGroupName method,M:Autodesk.Revit.DB.FabricationService.GetGroupName(System.Int32),This method is deprecated in Revit 2022 and may be removed in a future version of Revit. Please use the `GetPaletteName` method instead.,Autodesk.Revit.DB,00ac22a9-d15d-6f9c-aefb-a2e28055dd25,method
GetHiddenOpenings,AnalyticalModelSurface.GetHiddenOpenings method,M:Autodesk.Revit.DB.Structure.AnalyticalModelSurface.GetHiddenOpenings(System.Collections.Generic.ICollection{Autodesk.Revit.DB.ElementId}@),Retrieves Identifiers of all hidden openings.,Autodesk.Revit.DB.Structure,793674d9-765b-e914-fe40-9ff0c8acb7ff,method
GetLabelFor,,M:Autodesk.Revit.DB.LabelUtils.GetLabelFor(Autodesk.Revit.DB.ParameterType),Gets the user-visible name for a ParameterType.,Autodesk.Revit.DB,11b3e9c9-931b-710e-8590-04f4bad86e45,
GetLocalCoordinateSystem,,M:Autodesk.Revit.DB.Structure.AnalyticalModelStick.GetLocalCoordinateSystem(System.Double),Gets the local coordinate system (LCS) that reflects analytical model orientation at the specified parameter value along a curve.,Autodesk.Revit.DB.Structure,d63a10e7-a60e-21c7-f4e6-929c43c84190,
GetLocalCoordinateSystem,,M:Autodesk.Revit.DB.Structure.AnalyticalModelStick.GetLocalCoordinateSystem(Autodesk.Revit.DB.XYZ),Gets the local coordinate system (LCS) reflects analytical model orientation at the specified point.,Autodesk.Revit.DB.Structure,c0a44203-b3a8-d07b-e802-831cb6e0ea00,
GetLocalCoordinateSystem,,M:Autodesk.Revit.DB.Structure.AnalyticalModelSurface.GetLocalCoordinateSystem(Autodesk.Revit.DB.XYZ),Gets the local coordinate system (LCS) reflects analytical model orientation at the specified point.,Autodesk.Revit.DB.Structure,56722ed1-4937-a206-b3ed-d3ce0524d2f2,
GetLocalCoordinateSystem,AnalyticalModelSurface.GetLocalCoordinateSystem method,Overload:Autodesk.Revit.DB.Structure.AnalyticalModelSurface.GetLocalCoordinateSystem,,Autodesk.Revit.DB.Structure,519c24a9-bacc-f251-932d-7db95fa09691,method
GetLocalCoordinateSystem,AnalyticalModel.GetLocalCoordinateSystem method,M:Autodesk.Revit.DB.Structure.AnalyticalModel.GetLocalCoordinateSystem,Gets the local coordinate system (LCS) for an analytical model element.,Autodesk.Revit.DB.Structure,cec8e862-1ef9-3126-a315-f890681c0804,method
GetLocalCoordinateSystem,AnalyticalModelColumn.GetLocalCoordinateSystem method,Overload:Autodesk.Revit.DB.Structure.AnalyticalModelColumn.GetLocalCoordinateSystem,,Autodesk.Revit.DB.Structure,6c102d65-38eb-ae33-5a46-9bff05d18adf,method
GetLocalCoordinateSystem,AnalyticalModelStick.GetLocalCoordinateSystem method,Overload:Autodesk.Revit.DB.Structure.AnalyticalModelStick.GetLocalCoordinateSystem,,Autodesk.Revit.DB.Structure,36e798bf-b4a0-3b01-c28d-e42da9e18a9a,method
GetLoops,AnalyticalModelSurface.GetLoops method,M:Autodesk.Revit.DB.Structure.AnalyticalModelSurface.GetLoops(Autodesk.Revit.DB.Structure.AnalyticalLoopType),Retrieves Analytical Model Loops with respect to the loopType.,Autodesk.Revit.DB.Structure,f3cb2139-83f0-6f56-19a8-d4fb9c1d8b1f,method
GetManualAdjustmentMatchedElements,AnalyticalModel.GetManualAdjustmentMatchedElements method,M:Autodesk.Revit.DB.Structure.AnalyticalModel.GetManualAdjustmentMatchedElements,Retrieves other Element Ids against which the Analytical Model has been adjusted.,Autodesk.Revit.DB.Structure,0377c24e-d029-b16e-1642-79bac8f526d0,method
GetMemberForces,AnalyticalModelStick.GetMemberForces method,M:Autodesk.Revit.DB.Structure.AnalyticalModelStick.GetMemberForces,Gets the member forces associated with this element.,Autodesk.Revit.DB.Structure,5183dbd6-6464-c629-613d-22ccae489412,method
GetNumericRevisionSettings,RevisionSettings.GetNumericRevisionSettings method,M:Autodesk.Revit.DB.RevisionSettings.GetNumericRevisionSettings,Returns a copy of the NumericRevisionSettings owned by this RevisionSettings object.,Autodesk.Revit.DB,d982af94-7d82-1bc8-6747-2b764a3dc2c6,method
GetOffset,AnalyticalModel.GetOffset method,M:Autodesk.Revit.DB.Structure.AnalyticalModel.GetOffset(Autodesk.Revit.DB.Structure.AnalyticalElementSelector),Gets the offset of the analytical model at end.,Autodesk.Revit.DB.Structure,487bf182-24a6-0d90-6adf-6f31946d46d0,method
GetOpeningLoops,AnalyticalModelSurface.GetOpeningLoops method,M:Autodesk.Revit.DB.Structure.AnalyticalModelSurface.GetOpeningLoops(Autodesk.Revit.DB.ElementId),Retrieves Array of CurveLoops of Analytical Surface Opening.. Only valid openings for hide are allowed.,Autodesk.Revit.DB.Structure,850b98c4-109c-9385-ecd4-40ee9fa7e821,method
GetOpenings,AnalyticalModelSurface.GetOpenings method,M:Autodesk.Revit.DB.Structure.AnalyticalModelSurface.GetOpenings(System.Collections.Generic.ICollection{Autodesk.Revit.DB.ElementId}@),Retrieves Analytical Surface Openings Identifiers valid to be used in showOpening/hideOpening functions.,Autodesk.Revit.DB.Structure,c4dae85c-2d0a-9212-daf6-d74e407b418d,method
GetParameterType,SpecUtils.GetParameterType method,M:Autodesk.Revit.DB.SpecUtils.GetParameterType(Autodesk.Revit.DB.ForgeTypeId),Gets the ParameterType value corresponding to the given spec identifier.,Autodesk.Revit.DB,fbd72bd0-2157-2e09-ea48-731ae1711b87,method
GetPlane,AnalyticalModelSurface.GetPlane method,M:Autodesk.Revit.DB.Structure.AnalyticalModelSurface.GetPlane,Returns plane on which Analytical Model Surface Element is lying. Only planar surface elements are valid for this function.,Autodesk.Revit.DB.Structure,d444914a-c1a3-b38e-c6dd-8853b495d36b,method
GetPoint,AnalyticalModel.GetPoint method,M:Autodesk.Revit.DB.Structure.AnalyticalModel.GetPoint,Retrieves point of the Analytical Model.,Autodesk.Revit.DB.Structure,10cef6c8-2489-6728-f99e-0ce2f348b666,method
GetPoint,AnalyticalModelSupport.GetPoint method,M:Autodesk.Revit.DB.Structure.AnalyticalModelSupport.GetPoint,Retrieves the point providing support.,Autodesk.Revit.DB.Structure,86ad409d-2b46-6d72-4980-744d26b97f8d,method
GetPriority,AnalyticalModelSupport.GetPriority method,M:Autodesk.Revit.DB.Structure.AnalyticalModelSupport.GetPriority,Retrieves the priority of the support provided.,Autodesk.Revit.DB.Structure,4e3894c9-9bbc-0fad-0ce3-70254c6df427,method
GetProjectionPlaneY,AnalyticalModelStick.GetProjectionPlaneY method,M:Autodesk.Revit.DB.Structure.AnalyticalModelStick.GetProjectionPlaneY(Autodesk.Revit.DB.Structure.AnalyticalElementSelector),Retrieves analytical model projection information for Y direction.,Autodesk.Revit.DB.Structure,a99493ad-9d4c-a000-f7ed-0cf144e22b44,method
GetProjectionPlaneZ,AnalyticalModelStick.GetProjectionPlaneZ method,M:Autodesk.Revit.DB.Structure.AnalyticalModelStick.GetProjectionPlaneZ(Autodesk.Revit.DB.Structure.AnalyticalElementSelector),Retrieves analytical model projection information for Z direction.,Autodesk.Revit.DB.Structure,72763388-83c0-7d9f-01cc-d972566795ac,method
GetProjectionY,AnalyticalModelStick.GetProjectionY method,M:Autodesk.Revit.DB.Structure.AnalyticalModelStick.GetProjectionY(Autodesk.Revit.DB.Structure.AnalyticalElementSelector),Retrieves analytical model projection information for Y direction.,Autodesk.Revit.DB.Structure,63dd188d-d30b-c657-a976-955a98286d6c,method
GetProjectionZ,AnalyticalModelStick.GetProjectionZ method,M:Autodesk.Revit.DB.Structure.AnalyticalModelStick.GetProjectionZ(Autodesk.Revit.DB.Structure.AnalyticalElementSelector),Retrieves analytical model projection information for Z direction.,Autodesk.Revit.DB.Structure,169b9b96-017a-ace8-d162-231bfcdefb74,method
GetReference,AnalyticalModel.GetReference method,M:Autodesk.Revit.DB.Structure.AnalyticalModel.GetReference(Autodesk.Revit.DB.Structure.AnalyticalModelSelector),Returns a reference to a given curve within the analytical model.,Autodesk.Revit.DB.Structure,81b78e34-25b7-6f19-dcb5-acd0fd2fe975,method
GetReleaseType,AnalyticalModelStick.GetReleaseType method,M:Autodesk.Revit.DB.Structure.AnalyticalModelStick.GetReleaseType(System.Boolean),Gets the release type.,Autodesk.Revit.DB.Structure,ee6c3e24-a5a2-04e4-a2f8-5095235e33bb,method
GetReleases,AnalyticalModelStick.GetReleases method,"M:Autodesk.Revit.DB.Structure.AnalyticalModelStick.GetReleases(System.Boolean,System.Boolean@,System.Boolean@,System.Boolean@,System.Boolean@,System.Boolean@,System.Boolean@)",Gets the releases of element.,Autodesk.Revit.DB.Structure,7d5d9c07-f2fd-99e0-df25-8f4f8017491b,method
GetRigidLink,AnalyticalModel.GetRigidLink method,M:Autodesk.Revit.DB.Structure.AnalyticalModel.GetRigidLink(Autodesk.Revit.DB.Structure.AnalyticalModelSelector),Returns rigid link curve corresponding to selector.,Autodesk.Revit.DB.Structure,e98daa27-8577-5332-e615-e4a6433c98df,method
GetSpecTypeId,SpecUtils.GetSpecTypeId method,M:Autodesk.Revit.DB.SpecUtils.GetSpecTypeId(Autodesk.Revit.DB.ParameterType),Gets the ForgeTypeId identifying the spec corresponding to the given ParameterType value.,Autodesk.Revit.DB,a4ee065a-21d5-3948-7cd8-1599c4d0dc40,method
GetSpecTypeId,Definition.GetSpecTypeId method,M:Autodesk.Revit.DB.Definition.GetSpecTypeId,Gets the identifier of the spec describing values of the parameter.,Autodesk.Revit.DB,64822a98-a253-3300-cdbb-17973687878f,method
GetSupportType,AnalyticalModelSupport.GetSupportType method,M:Autodesk.Revit.DB.Structure.AnalyticalModelSupport.GetSupportType,Gets the type of support provided.,Autodesk.Revit.DB.Structure,13282af6-3eac-8dab-45ae-e5544eddd5a3,method
GetSupportingElement,AnalyticalModelSupport.GetSupportingElement method,M:Autodesk.Revit.DB.Structure.AnalyticalModelSupport.GetSupportingElement,Retrieves the actual Element Id providing support.,Autodesk.Revit.DB.Structure,2ba62964-ffb0-8609-233a-6efa4edd348e,method
GetTaggedLocalElement,IndependentTag.GetTaggedLocalElement method,M:Autodesk.Revit.DB.IndependentTag.GetTaggedLocalElement,"Get the tagged local element, if any. If the tag is tagged on a subelement of local element, it returns the element.",Autodesk.Revit.DB,d8d951a5-80cb-04c7-2b16-e16ff608c1e2,method
GetTaggedReference,IndependentTag.GetTaggedReference method,M:Autodesk.Revit.DB.IndependentTag.GetTaggedReference,Get the host reference of the tag.,Autodesk.Revit.DB,7e29406f-b548-d4c8-22ed-82d8d781afc1,method
GetUnitGroup,UnitUtils.GetUnitGroup method,M:Autodesk.Revit.DB.UnitUtils.GetUnitGroup(Autodesk.Revit.DB.ForgeTypeId),Gets the unit group for a given spec.,Autodesk.Revit.DB,9cb042c6-a636-b159-2079-cb3b8866a81e,method
GroupCount,FabricationService.GroupCount property,P:Autodesk.Revit.DB.FabricationService.GroupCount,This method is deprecated in Revit 2022 and may be removed in a future version of Revit. Please use the `PaletteCount` property instead.,Autodesk.Revit.DB,21800976-b253-2215-1c09-0019f7d7a2ec,property
GroupId,FabricationPartSizeMap.GroupId property,P:Autodesk.Revit.DB.Fabrication.FabricationPartSizeMap.GroupId,This property is deprecated in Revit 2022 and may be removed in a future version of Revit. Please use the `PaletteId` method instead.,Autodesk.Revit.DB.Fabrication,3815deba-e934-c927-39d8-0372b9cdc4d5,property
GroupIndex,FabricationServiceButton.GroupIndex property,P:Autodesk.Revit.DB.FabricationServiceButton.GroupIndex,This method is deprecated in Revit 2022 and may be removed in a future version of Revit. Please use the `PaletteIndex` property instead.,Autodesk.Revit.DB,5b973974-7301-1412-6a82-a60b20badfef,property
HasDeletedLinks,AnalyticalModel.HasDeletedLinks method,M:Autodesk.Revit.DB.Structure.AnalyticalModel.HasDeletedLinks,Indicates if Analytical Model contains deleted Analytical Links.,Autodesk.Revit.DB.Structure,56e188f5-52cf-10c8-e9e4-591f46bfcbac,method
HasElbow,IndependentTag.HasElbow property,P:Autodesk.Revit.DB.IndependentTag.HasElbow,Whether the tag's leader has an elbow point or not.,Autodesk.Revit.DB,2d2158d8-a749-c36e-8f4e-f000ffb898ac,property
HasExtension,AnalyticalModelSurface.HasExtension property,P:Autodesk.Revit.DB.Structure.AnalyticalModelSurface.HasExtension,Indicates if the element supports an extension option.,Autodesk.Revit.DB.Structure,dfb84851-6e27-7e5d-49ab-fce51a485792,property
HasOpenings,AnalyticalModelSurface.HasOpenings method,M:Autodesk.Revit.DB.Structure.AnalyticalModelSurface.HasOpenings,Checks if the analytical model surface have any openings.,Autodesk.Revit.DB.Structure,efb998e5-fd76-c169-7d24-535e5e23f642,method
HasRigidLinksWith,AnalyticalModel.HasRigidLinksWith method,M:Autodesk.Revit.DB.Structure.AnalyticalModel.HasRigidLinksWith(Autodesk.Revit.DB.ElementId),Indicates if Analytical Model has Rigid Links with specified element.,Autodesk.Revit.DB.Structure,35d6846d-f5c1-0f9c-1ccf-5ed4fbb06772,method
HideOpening,AnalyticalModelSurface.HideOpening method,M:Autodesk.Revit.DB.Structure.AnalyticalModelSurface.HideOpening(Autodesk.Revit.DB.ElementId),Hides set of curves originating from Opening.,Autodesk.Revit.DB.Structure,8aa7e613-f110-f0b9-d41b-f94d5ef1a6cd,method
HostElement,LoadBase.HostElement property,P:Autodesk.Revit.DB.Structure.LoadBase.HostElement,The host element for the load.,Autodesk.Revit.DB.Structure,613179cd-47b0-45c0-0256-521fa38a31e1,property
HostElement,BoundaryConditions.HostElement property,P:Autodesk.Revit.DB.Structure.BoundaryConditions.HostElement,The host element for the boundary conditions.,Autodesk.Revit.DB.Structure,720270c5-2a42-1a90-46cc-e54489ade57d,property
Insert,ElectricalSystemSet.Insert method,M:Autodesk.Revit.DB.Electrical.ElectricalSystemSet.Insert(Autodesk.Revit.DB.Electrical.ElectricalSystem),,Autodesk.Revit.DB.Electrical,aa40be37-de78-3891-028e-02ef562e01fa,method
IsAnalyzeAsValid,AnalyticalModel.IsAnalyzeAsValid method,M:Autodesk.Revit.DB.Structure.AnalyticalModel.IsAnalyzeAsValid(Autodesk.Revit.DB.Structure.AnalyzeAs),Determines if the given Analyze As parameter is valid for this Element.,Autodesk.Revit.DB.Structure,a128e224-edff-cd07-2686-2402bbefdf42,method
IsApproximated,AnalyticalModel.IsApproximated method,M:Autodesk.Revit.DB.Structure.AnalyticalModel.IsApproximated,Indicates if Analytical Model is approximated or not.,Autodesk.Revit.DB.Structure,6d0cd872-694b-5142-fd6f-c8bc7c93816f,method
IsAutoDetectEnabled,AnalyticalModel.IsAutoDetectEnabled method,M:Autodesk.Revit.DB.Structure.AnalyticalModel.IsAutoDetectEnabled(Autodesk.Revit.DB.Structure.AnalyticalDirection),Reports if Analytical Auto-detect for the given direction is enabled.,Autodesk.Revit.DB.Structure,065403c8-e1c6-6e47-cf1a-1d570a43b47a,method
IsAutoDetectEnabled,AnalyticalModelSketchComponent.IsAutoDetectEnabled method,M:Autodesk.Revit.DB.Structure.AnalyticalModelSketchComponent.IsAutoDetectEnabled,Indicates whether Auto-detect is enabled on the given Sketch component.,Autodesk.Revit.DB.Structure,6d23915e-119f-740a-3ab2-d207ca3a88bf,method
IsConnected,FabricationConfigurationInfo.IsConnected property,P:Autodesk.Revit.DB.FabricationConfigurationInfo.IsConnected,This method is deprecated in Revit 2022 and may be removed in a future version of Revit.,Autodesk.Revit.DB,e9debca8-4da0-d4ea-2e5e-aed9584b93af,property
IsElementFullySupported,AnalyticalModel.IsElementFullySupported method,M:Autodesk.Revit.DB.Structure.AnalyticalModel.IsElementFullySupported,Indicates if Analytical Model is fully supported.,Autodesk.Revit.DB.Structure,2b2e4560-0534-62f5-8323-60a116f16e73,method
IsEmpty,ElectricalSystemSet.IsEmpty property,P:Autodesk.Revit.DB.Electrical.ElectricalSystemSet.IsEmpty,Test to see if the set is empty.,Autodesk.Revit.DB.Electrical,2df3b9bc-0105-6176-8dfb-22540f104e11,property
IsEnabled,AnalyticalModel.IsEnabled method,M:Autodesk.Revit.DB.Structure.AnalyticalModel.IsEnabled,Reports whether the Analytical Model is enabled or disabled.,Autodesk.Revit.DB.Structure,a0d3dde2-60d2-5a55-74bd-0be16bdf1655,method
IsGroupExcluded,FabricationService.IsGroupExcluded method,M:Autodesk.Revit.DB.FabricationService.IsGroupExcluded(System.Int32),This method is deprecated in Revit 2022 and and may be removed in a future version of Revit. Please use the `IsPaletteExcluded` method instead.,Autodesk.Revit.DB,6ea62e2c-d6bf-510a-5f4e-2c06705970f1,method
IsManuallyAdjusted,AnalyticalModel.IsManuallyAdjusted method,M:Autodesk.Revit.DB.Structure.AnalyticalModel.IsManuallyAdjusted,Indicates if the Analytical Model has been manually adjusted by the user.,Autodesk.Revit.DB.Structure,592586d1-4ea3-774e-6bb8-7469712cdb7a,method
IsModified,AnalyticalModel.IsModified method,M:Autodesk.Revit.DB.Structure.AnalyticalModel.IsModified,Checks if AM has been adjusted from auto-detect at any end.,Autodesk.Revit.DB.Structure,bdcc6445-bceb-68b5-ffbf-9ec9e9ad3fb1,method
IsOpeningHidden,AnalyticalModelSurface.IsOpeningHidden method,M:Autodesk.Revit.DB.Structure.AnalyticalModelSurface.IsOpeningHidden(Autodesk.Revit.DB.ElementId),Returns true if opening with given Identifier is hidden.,Autodesk.Revit.DB.Structure,bf8ae242-a3cf-5329-54ac-3f7fdac7b337,method
IsPlanar,AnalyticalModelSurface.IsPlanar method,M:Autodesk.Revit.DB.Structure.AnalyticalModelSurface.IsPlanar,Indicates if the Analytical Model Surface Element is planar.,Autodesk.Revit.DB.Structure,5f9be509-cd2f-e375-6846-f0a632d36e75,method
IsSingleCurve,AnalyticalModel.IsSingleCurve method,M:Autodesk.Revit.DB.Structure.AnalyticalModel.IsSingleCurve,Indicates if the Analytical Model can be expressed as a single curve.,Autodesk.Revit.DB.Structure,e6d5f356-eee1-ad8b-266b-12c3cbb3464f,method
IsSinglePoint,AnalyticalModel.IsSinglePoint method,M:Autodesk.Revit.DB.Structure.AnalyticalModel.IsSinglePoint,Indicates if the Analytical Model can be expressed as a single point.,Autodesk.Revit.DB.Structure,531969af-b596-84cb-ac72-8bcaea29714b,method
IsSpec,UnitUtils.IsSpec method,M:Autodesk.Revit.DB.UnitUtils.IsSpec(Autodesk.Revit.DB.ForgeTypeId),Checks whether a ForgeTypeId identifies a spec associated with units of measurement.,Autodesk.Revit.DB,0b8dc5cc-21e5-62ef-f546-6f691fa5fc54,method
IsValidAnalyticalAlignmentMethod,AnalyticalModelSketchComponent.IsValidAnalyticalAlignmentMethod method,M:Autodesk.Revit.DB.Structure.AnalyticalModelSketchComponent.IsValidAnalyticalAlignmentMethod(Autodesk.Revit.DB.Structure.AnalyticalAlignmentMethod),Indicates whether Analytical Alignment Method is valid for Sketch Component.,Autodesk.Revit.DB.Structure,886597d7-5421-e258-16e0-2986fd3b03ab,method
IsValidAnalyticalProjectionType,AnalyticalModelSketchComponent.IsValidAnalyticalProjectionType method,M:Autodesk.Revit.DB.Structure.AnalyticalModelSketchComponent.IsValidAnalyticalProjectionType(Autodesk.Revit.DB.Structure.AnalyticalProjectionType),Indicates whether Analytical Projection Type is valid for Sketch Component.,Autodesk.Revit.DB.Structure,0649972f-dccf-a91e-7b6a-1bb1d6c9557c,method
IsValidDataType,GlobalParameter.IsValidDataType method,M:Autodesk.Revit.DB.GlobalParameter.IsValidDataType(Autodesk.Revit.DB.ParameterType),Tests whether the input Data Type is valid as a type of a global parameter.,Autodesk.Revit.DB,3ac58df4-d79d-3f8e-8570-a20b24d74525,method
IsValidDatumPlaneForProjection,AnalyticalModelSketchComponent.IsValidDatumPlaneForProjection method,M:Autodesk.Revit.DB.Structure.AnalyticalModelSketchComponent.IsValidDatumPlaneForProjection(Autodesk.Revit.DB.ElementId),Indicates whether Datum Plane is valid Analytical Projection of Sketch Component.,Autodesk.Revit.DB.Structure,f7755b1a-e8b6-055d-b264-b41691c0c463,method
IsValidDirectionForAutoDetect,AnalyticalModel.IsValidDirectionForAutoDetect method,M:Autodesk.Revit.DB.Structure.AnalyticalModel.IsValidDirectionForAutoDetect(Autodesk.Revit.DB.Structure.AnalyticalDirection),Tests if the supplied direction is valid for Analytical Auto-detect.,Autodesk.Revit.DB.Structure,40d58e4b-a694-8a3b-15ac-5673c83f2e49,method
IsValidForManualAdjustment,AnalyticalModel.IsValidForManualAdjustment method,M:Autodesk.Revit.DB.Structure.AnalyticalModel.IsValidForManualAdjustment(Autodesk.Revit.DB.Reference),Indicates if the identified reference is acceptable for Manual Analytical Adjustment.,Autodesk.Revit.DB.Structure,065be424-e54d-c227-a773-20ad6c7a57eb,method
IsValidGroupIndex,FabricationService.IsValidGroupIndex method,M:Autodesk.Revit.DB.FabricationService.IsValidGroupIndex(System.Int32),This method is deprecated in Revit 2022 and may be removed in a future version of Revit. Please use the `IsValidPaletteIndex` method instead.,Autodesk.Revit.DB,65140a88-0adf-a48f-309e-d30d6571a679,method
IsValidManualAdjustmentSource,AnalyticalModel.IsValidManualAdjustmentSource method,"M:Autodesk.Revit.DB.Structure.AnalyticalModel.IsValidManualAdjustmentSource(Autodesk.Revit.DB.Reference,Autodesk.Revit.DB.Structure.AnalyticalDirection)",Indicates if the identified reference is acceptable as a source for Manual Analytical Adjustment.,Autodesk.Revit.DB.Structure,652aba66-0d6a-cb7c-1b92-f879f83ddd51,method
IsValidManualAdjustmentTarget,AnalyticalModel.IsValidManualAdjustmentTarget method,"M:Autodesk.Revit.DB.Structure.AnalyticalModel.IsValidManualAdjustmentTarget(Autodesk.Revit.DB.Reference,Autodesk.Revit.DB.Reference,Autodesk.Revit.DB.Structure.AnalyticalDirection)","Indicates if reference is acceptable as a ""Target"" for Manual Analytical Adjustment.",Autodesk.Revit.DB.Structure,a8ab2428-c242-31f7-f2ed-d0fbc99e568f,method
IsValidObject,AnalyticalModelSupport.IsValidObject property,P:Autodesk.Revit.DB.Structure.AnalyticalModelSupport.IsValidObject,Specifies whether the .NET object represents a valid Revit entity.,Autodesk.Revit.DB.Structure,2c43663c-fd96-76d6-4112-ccb9c5246661,property
IsValidObject,AnalyticalModelSketchComponent.IsValidObject property,P:Autodesk.Revit.DB.Structure.AnalyticalModelSketchComponent.IsValidObject,Specifies whether the .NET object represents a valid Revit entity.,Autodesk.Revit.DB.Structure,123b29ca-2d45-d616-85de-0d896ddd2ac7,property
IsValidObject,SetupEnergySimulationDialog.IsValidObject property,P:Autodesk.Revit.UI.SetupEnergySimulationDialog.IsValidObject,Specifies whether the .NET object represents a valid Revit entity.,Autodesk.Revit.UI,0e4ce4b6-2833-9d1a-b717-ecfc4ddc3046,property
IsValidOpeningForHide,AnalyticalModelSurface.IsValidOpeningForHide method,M:Autodesk.Revit.DB.Structure.AnalyticalModelSurface.IsValidOpeningForHide(Autodesk.Revit.DB.ElementId),"Returns true if opening with given Identifier could be hidden, false for all other Identifiers.",Autodesk.Revit.DB.Structure,3702967d-48e9-0753-ae46-4f4366eda4af,method
IsValidRigidLinksOption,AnalyticalModel.IsValidRigidLinksOption method,M:Autodesk.Revit.DB.Structure.AnalyticalModel.IsValidRigidLinksOption(Autodesk.Revit.DB.Structure.AnalyticalRigidLinksOption),Indicates if Rigid Links option is valid for the Analytical Model.,Autodesk.Revit.DB.Structure,29454327-f2ce-4c11-d31a-9b2dcdeff5b9,method
IsValidSelector,AnalyticalModel.IsValidSelector method,M:Autodesk.Revit.DB.Structure.AnalyticalModel.IsValidSelector(Autodesk.Revit.DB.Structure.AnalyticalModelSelector),Indicates if the input selector is valid for the Analytical Model.,Autodesk.Revit.DB.Structure,e1f6763f-7d83-53cd-20cf-7ce189896e84,method
LeaderElbow,IndependentTag.LeaderElbow property,P:Autodesk.Revit.DB.IndependentTag.LeaderElbow,The position of the elbow of the tag's leader.,Autodesk.Revit.DB,3c2a5131-494a-b4e8-cb4b-7fc7ab67e7ed,property
LeaderEnd,IndependentTag.LeaderEnd property,P:Autodesk.Revit.DB.IndependentTag.LeaderEnd,The position of the leader end for a tag using free end leader behavior.,Autodesk.Revit.DB,5d181279-1b4e-b199-62cc-3a3d58d797a3,property
ManuallyAdjust,AnalyticalModel.ManuallyAdjust method,"M:Autodesk.Revit.DB.Structure.AnalyticalModel.ManuallyAdjust(Autodesk.Revit.DB.Reference,Autodesk.Revit.DB.Reference)","Perform Manual Analytical Adjustment on analytical model, with respect to another Element",Autodesk.Revit.DB.Structure,3e3c7f5d-86d8-fb6f-0977-db03b6a9aaef,method
MoveNext,ElectricalSystemSetIterator.MoveNext method,M:Autodesk.Revit.DB.Electrical.ElectricalSystemSetIterator.MoveNext,Move the iterator one item forward.,Autodesk.Revit.DB.Electrical,23bd43c5-0364-d5e7-781e-bb5e532af31b,method
MultiLeaderTagUi,ParameterTypeId.MultiLeaderTagUi property,P:Autodesk.Revit.DB.ParameterTypeId.MultiLeaderTagUi,"""Multi Leader Tag"": Used by IndependentTagEditor for UI binding",Autodesk.Revit.DB,7a1c7e63-58bd-4c97-ca1f-2f01c0efa66f,property
NewFloor,,"M:Autodesk.Revit.Creation.Document.NewFloor(Autodesk.Revit.DB.CurveArray,Autodesk.Revit.DB.FloorType,Autodesk.Revit.DB.Level,System.Boolean,Autodesk.Revit.DB.XYZ)",Creates a floor within the project with the given horizontal profile and floor style on the specified level with the specified normal vector.,Autodesk.Revit.Creation,37a72404-d1b6-67b9-6f80-f040b05709f0,
NewFloor,,"M:Autodesk.Revit.Creation.Document.NewFloor(Autodesk.Revit.DB.CurveArray,Autodesk.Revit.DB.FloorType,Autodesk.Revit.DB.Level,System.Boolean)",Creates a floor within the project with the given horizontal profile and floor style on the specified level.,Autodesk.Revit.Creation,0092a6a8-c9cb-38be-769a-cd9fa58407e0,
NewFloor,,"M:Autodesk.Revit.Creation.Document.NewFloor(Autodesk.Revit.DB.CurveArray,System.Boolean)",Creates a floor within the project with the given horizontal profile using the default floor style.,Autodesk.Revit.Creation,fc242189-f9ca-0f20-018e-196c0ce0f8f5,
NewFloor,Document.NewFloor method,Overload:Autodesk.Revit.Creation.Document.NewFloor,,Autodesk.Revit.Creation,a026924c-ed96-761a-8d0d-2114086fe656,method
NewFoundationSlab,Document.NewFoundationSlab method,"M:Autodesk.Revit.Creation.Document.NewFoundationSlab(Autodesk.Revit.DB.CurveArray,Autodesk.Revit.DB.FloorType,Autodesk.Revit.DB.Level,System.Boolean,Autodesk.Revit.DB.XYZ)",Creates a foundation slab within the project with the given horizontal profile and floor style on the specified level.,Autodesk.Revit.Creation,37f2ac11-2ca4-52b8-b138-6687b482caf7,method
NewSlab,Document.NewSlab method,"M:Autodesk.Revit.Creation.Document.NewSlab(Autodesk.Revit.DB.CurveArray,Autodesk.Revit.DB.Level,Autodesk.Revit.DB.Line,System.Double,System.Boolean)",Creates a slab within the project with the given horizontal profile using the default floor style.,Autodesk.Revit.Creation,983a7045-e2c0-db60-61b7-9e37749f1c6a,method
NumberType,Revision.NumberType property,P:Autodesk.Revit.DB.Revision.NumberType,Indicates what number type the Revision Number for this Revision should use.,Autodesk.Revit.DB,27158fd9-af66-07a2-d586-019f27009c90,property
Parameter,AnalyticalModelColumn.Parameter property,Overload:Autodesk.Revit.DB.Structure.AnalyticalModelColumn.Parameter,,Autodesk.Revit.DB.Structure,ba6365dc-6706-4d9a-fa54-b3e398e0a5df,property
Parameter,AnalyticalModelSurface.Parameter property,Overload:Autodesk.Revit.DB.Structure.AnalyticalModelSurface.Parameter,,Autodesk.Revit.DB.Structure,1f3326a9-6549-2ea6-abdd-1a26658fe706,property
Parameter,AnalyticalModelStick.Parameter property,Overload:Autodesk.Revit.DB.Structure.AnalyticalModelStick.Parameter,,Autodesk.Revit.DB.Structure,ab737027-c027-42d5-c1df-fbcaa5ef3afe,property
Parameter,AnalyticalModel.Parameter property,Overload:Autodesk.Revit.DB.Structure.AnalyticalModel.Parameter,,Autodesk.Revit.DB.Structure,cc83c3a2-7c5a-d30f-82ee-1040da003e55,property
ParameterType,InternalDefinition.ParameterType property,P:Autodesk.Revit.DB.InternalDefinition.ParameterType,Returns the user-visible interpretation of the parameter data.,Autodesk.Revit.DB,03ac34fe-36c4-2e0c-721a-4f472907f3cb,property
ParameterType,ExternalDefinition.ParameterType property,P:Autodesk.Revit.DB.ExternalDefinition.ParameterType,Returns the user visible interpretation of the parameter data.,Autodesk.Revit.DB,22bde928-32b4-1de8-bd7b-70eb6ac01783,property
ParameterType,Definition.ParameterType property,P:Autodesk.Revit.DB.Definition.ParameterType,Returns the user visible interpretation of the parameter data.,Autodesk.Revit.DB,85896ef7-cf71-71c1-4fd5-4637bd178b78,property
ParameterType,Stationing enumeration member,T:Autodesk.Revit.DB.ParameterType,An enumerated type listing all of the data type interpretation that Autodesk Revit supports.,Autodesk.Revit.DB,f38d847e-207f-b59a-3bd6-ebea80d5be63,member
ProjectId,SetupEnergySimulationDialog.ProjectId property,P:Autodesk.Revit.UI.SetupEnergySimulationDialog.ProjectId,The identifier of the project (on the Green Building Studio server) that was selected by the user.,Autodesk.Revit.UI,8aafd61f-d46d-2b47-78f6-0bcf6a3b5d23,property
ProjectName,SetupEnergySimulationDialog.ProjectName property,P:Autodesk.Revit.UI.SetupEnergySimulationDialog.ProjectName,The project name (representing a project on the Green Building Studio server) selected or supplied by the user.,Autodesk.Revit.UI,29b14665-3305-8aab-95b6-1d69aeea7d44,property
ProjectionPlaneZ,AnalyticalModelSurface.ProjectionPlaneZ property,P:Autodesk.Revit.DB.Structure.AnalyticalModelSurface.ProjectionPlaneZ,The Z projection option.,Autodesk.Revit.DB.Structure,b4c5e46f-e90f-64b1-3334-264f8bd9e0f7,property
ProjectionZ,AnalyticalModelSurface.ProjectionZ property,P:Autodesk.Revit.DB.Structure.AnalyticalModelSurface.ProjectionZ,The Z projection option.,Autodesk.Revit.DB.Structure,53cfbc52-e18b-88da-5f3b-4157550c451e,property
RbsElecAnalyticalAreaMeasurement,ParameterTypeId.RbsElecAnalyticalAreaMeasurement property,P:Autodesk.Revit.DB.ParameterTypeId.RbsElecAnalyticalAreaMeasurement,"""Area Measurement""",Autodesk.Revit.DB,3984d90c-04dc-1812-abe3-b66c11e4b1f6,property
RbsElecAnalyticalAreaParam,ParameterTypeId.RbsElecAnalyticalAreaParam property,P:Autodesk.Revit.DB.ParameterTypeId.RbsElecAnalyticalAreaParam,"""Specified Area""",Autodesk.Revit.DB,36e347c1-bf56-9349-3ec7-514faee5a2c6,property
RbsElecDistributionNodePowerSource,ParameterTypeId.RbsElecDistributionNodePowerSource property,P:Autodesk.Revit.DB.ParameterTypeId.RbsElecDistributionNodePowerSource,"""Power Source""",Autodesk.Revit.DB,54ed98fa-21bf-6291-50c0-3690f51a145a,property
RbsElectricalLoadZoneType,ParameterTypeId.RbsElectricalLoadZoneType property,P:Autodesk.Revit.DB.ParameterTypeId.RbsElectricalLoadZoneType,"""Electrial Load Zone Type""",Autodesk.Revit.DB,d3623e8c-2afd-e15c-db9a-66d7e7cb5de5,property
RegisterShapeForPresentationLayer,ExporterIFC.RegisterShapeForPresentationLayer method,"M:Autodesk.Revit.DB.IFC.ExporterIFC.RegisterShapeForPresentationLayer(Autodesk.Revit.DB.Element,Autodesk.Revit.DB.ElementId,Autodesk.Revit.DB.IFC.IFCAnyHandle)",Sets an IfcShapeRepresentation to be used for the IfcPresentationLayerAssignment associated with the given Revit category and element.,Autodesk.Revit.DB.IFC,1e4e3d2a-b021-52cb-20ad-365aa3e5c525,method
RemoveAllMemberForces,AnalyticalModelStick.RemoveAllMemberForces method,M:Autodesk.Revit.DB.Structure.AnalyticalModelStick.RemoveAllMemberForces,Removes all member forces associated with element.,Autodesk.Revit.DB.Structure,7c6a8c51-3683-7826-e9ec-0e2fddd92db8,method
RemoveMemberForces,AnalyticalModelStick.RemoveMemberForces method,M:Autodesk.Revit.DB.Structure.AnalyticalModelStick.RemoveMemberForces(System.Boolean),Removes member forces defined for given position.,Autodesk.Revit.DB.Structure,766407f4-0fb0-ab74-6e17-57d2abe8cd3e,method
Reset,ElectricalSystemSetIterator.Reset method,M:Autodesk.Revit.DB.Electrical.ElectricalSystemSetIterator.Reset,Bring the iterator back to the start of the set.,Autodesk.Revit.DB.Electrical,78e3c10f-0f98-a5b9-7646-b45d88609326,method
ResetLinks,AnalyticalModel.ResetLinks method,M:Autodesk.Revit.DB.Structure.AnalyticalModel.ResetLinks,The function is trying to recreate analytical link elements that were deleted by the user.,Autodesk.Revit.DB.Structure,bb875c9b-f7be-10a2-b413-cf803bc18bf8,method
ResetManualAdjustment,AnalyticalModel.ResetManualAdjustment method,M:Autodesk.Revit.DB.Structure.AnalyticalModel.ResetManualAdjustment,Resets all manual adjustments performed by the user onto the Analytical Model.,Autodesk.Revit.DB.Structure,4e6e24e1-461d-fff1-f9fe-12db12e8b03f,method
ReverseIterator,ElectricalSystemSet.ReverseIterator method,M:Autodesk.Revit.DB.Electrical.ElectricalSystemSet.ReverseIterator,Retrieve a backward moving iterator to the set.,Autodesk.Revit.DB.Electrical,f892aa07-e412-9923-8bad-0fedcf02a904,method
RigidLinksOption,AnalyticalModel.RigidLinksOption property,P:Autodesk.Revit.DB.Structure.AnalyticalModel.RigidLinksOption,Indicates if parameters indicate if Rigid Links should be formed.,Autodesk.Revit.DB.Structure,1f31a5d9-8d1a-2ae0-269e-ca2ce8254b27,property
RunName,SetupEnergySimulationDialog.RunName property,P:Autodesk.Revit.UI.SetupEnergySimulationDialog.RunName,The name of the analysis run that was supplied by the user.,Autodesk.Revit.UI,c62a9956-2d7c-7d40-e450-78183c10d00d,property
SetAlignmentMethod,AnalyticalModelStick.SetAlignmentMethod method,"M:Autodesk.Revit.DB.Structure.AnalyticalModelStick.SetAlignmentMethod(Autodesk.Revit.DB.Structure.AnalyticalElementSelector,Autodesk.Revit.DB.Structure.AnalyticalAlignmentMethod)",Sets the alignment method for a given selector.,Autodesk.Revit.DB.Structure,a9a08aa1-99cd-7c5c-c48e-64c1eea26dbd,method
SetAlphanumericRevisionSettings,RevisionSettings.SetAlphanumericRevisionSettings method,M:Autodesk.Revit.DB.RevisionSettings.SetAlphanumericRevisionSettings(Autodesk.Revit.DB.AlphanumericRevisionSettings),Replaces the current alphanumeric revision numbering settings with the specified AlphanumericRevisionSettings.,Autodesk.Revit.DB,2674585e-3b87-d30b-f3a1-54fca07562c8,method
SetAnalyticalAlignmentMethod,AnalyticalModelSketchComponent.SetAnalyticalAlignmentMethod method,M:Autodesk.Revit.DB.Structure.AnalyticalModelSketchComponent.SetAnalyticalAlignmentMethod(Autodesk.Revit.DB.Structure.AnalyticalAlignmentMethod),Sets the Alignment Method to the supplied Analytical Alignment Method,Autodesk.Revit.DB.Structure,8686d768-4e9b-73e4-04e7-b81cc8baff8d,method
SetAnalyticalProjectionDatumPlane,AnalyticalModelSketchComponent.SetAnalyticalProjectionDatumPlane method,M:Autodesk.Revit.DB.Structure.AnalyticalModelSketchComponent.SetAnalyticalProjectionDatumPlane(Autodesk.Revit.DB.ElementId),Sets the Analytical Projection to supplied Datum Plane.,Autodesk.Revit.DB.Structure,0967e3b1-7efb-e61b-2098-d76ffde337f6,method
SetAnalyticalProjectionType,AnalyticalModelSketchComponent.SetAnalyticalProjectionType method,M:Autodesk.Revit.DB.Structure.AnalyticalModelSketchComponent.SetAnalyticalProjectionType(Autodesk.Revit.DB.Structure.AnalyticalProjectionType),Sets the Analytical Projection to the supplied Analytical Projection Type.,Autodesk.Revit.DB.Structure,b2aea965-2b04-5830-fc9f-a83661268b6d,method
SetAnalyzeAs,AnalyticalModel.SetAnalyzeAs method,M:Autodesk.Revit.DB.Structure.AnalyticalModel.SetAnalyzeAs(Autodesk.Revit.DB.Structure.AnalyzeAs),Sets value of Analyze As parameter for this Element.,Autodesk.Revit.DB.Structure,84c15cb1-6a8e-2cd5-e6a7-fe25a77489b7,method
SetApproximationDeviation,AnalyticalModel.SetApproximationDeviation method,M:Autodesk.Revit.DB.Structure.AnalyticalModel.SetApproximationDeviation(System.Double),Adjusts the amount by which approximation is made.,Autodesk.Revit.DB.Structure,9ec395d1-e38c-e7f1-156b-1c694991e30c,method
SetGroupId,FabricationNetworkChangeService.SetGroupId method,M:Autodesk.Revit.DB.Fabrication.FabricationNetworkChangeService.SetGroupId(System.Int32),This method is deprecated in Revit 2022 and may be removed in a future version of Revit. Please use the `SetPaletteId` method instead.,Autodesk.Revit.DB.Fabrication,a794eb4e-12d7-8260-e7a6-d0df2dc2feb0,method
SetLoops,AnalyticalModelSurface.SetLoops method,"M:Autodesk.Revit.DB.Structure.AnalyticalModelSurface.SetLoops(Autodesk.Revit.DB.Structure.AnalyticalLoopType,System.Collections.Generic.IList{Autodesk.Revit.DB.CurveLoop})",Set new analytical model geometry (newLoops) for analytical surface elements such as floors and slabs.,Autodesk.Revit.DB.Structure,fb0918dd-da0c-92f1-fecd-7ad2502dc917,method
SetMemberForces,,"M:Autodesk.Revit.DB.Structure.AnalyticalModelStick.SetMemberForces(System.Boolean,Autodesk.Revit.DB.XYZ,Autodesk.Revit.DB.XYZ)",Adds Member Forces to element.,Autodesk.Revit.DB.Structure,5f382b68-a4e1-c6c2-f903-fec6e62ce991,
SetMemberForces,AnalyticalModelStick.SetMemberForces method,Overload:Autodesk.Revit.DB.Structure.AnalyticalModelStick.SetMemberForces,,Autodesk.Revit.DB.Structure,52216368-10c1-bd50-8395-1da9a104ae32,method
SetMemberForces,,M:Autodesk.Revit.DB.Structure.AnalyticalModelStick.SetMemberForces(Autodesk.Revit.DB.Structure.MemberForces),Sets Member Forces to element.,Autodesk.Revit.DB.Structure,afca476d-eb77-0aed-7029-8978171bb573,
SetMemberForces,AnalyticalModelColumn.SetMemberForces method,Overload:Autodesk.Revit.DB.Structure.AnalyticalModelColumn.SetMemberForces,,Autodesk.Revit.DB.Structure,10aeb7a5-4f18-806f-6328-5c8eab2fdaa7,method
SetNumericRevisionSettings,RevisionSettings.SetNumericRevisionSettings method,M:Autodesk.Revit.DB.RevisionSettings.SetNumericRevisionSettings(Autodesk.Revit.DB.NumericRevisionSettings),Replaces the current numeric revision numbering settings with the specified NumericRevisionSettings.,Autodesk.Revit.DB,4d9d7ac8-8056-1e49-bdc3-644fb06c5feb,method
SetOffset,AnalyticalModel.SetOffset method,"M:Autodesk.Revit.DB.Structure.AnalyticalModel.SetOffset(Autodesk.Revit.DB.Structure.AnalyticalElementSelector,Autodesk.Revit.DB.XYZ)",Sets the offset of the analytical model at end.,Autodesk.Revit.DB.Structure,3e4004c6-618f-2450-5b4e-a9767b5f5735,method
SetProjection,AnalyticalModelColumn.SetProjection method,Overload:Autodesk.Revit.DB.Structure.AnalyticalModelColumn.SetProjection,,Autodesk.Revit.DB.Structure,ea90ea3a-976e-8b6d-8a6a-ef54719ae139,method
SetProjection,,"M:Autodesk.Revit.DB.Structure.AnalyticalModelStick.SetProjection(Autodesk.Revit.DB.Structure.AnalyticalElementSelector,Autodesk.Revit.DB.Structure.StickElementProjectionY,Autodesk.Revit.DB.Structure.StickElementProjectionZ)",Sets the analytical model projection to a preset value.,Autodesk.Revit.DB.Structure,9351c377-8b05-503f-3cce-f60af42e9def,
SetProjection,,"M:Autodesk.Revit.DB.Structure.AnalyticalModelStick.SetProjection(Autodesk.Revit.DB.Structure.AnalyticalElementSelector,Autodesk.Revit.DB.Structure.StickElementProjectionY,Autodesk.Revit.DB.ElementId)",Sets the analytical model projection to a preset value.,Autodesk.Revit.DB.Structure,14c535bb-92a5-5094-9d87-cedb7201ac2d,
SetProjection,,"M:Autodesk.Revit.DB.Structure.AnalyticalModelStick.SetProjection(Autodesk.Revit.DB.Structure.AnalyticalElementSelector,Autodesk.Revit.DB.ElementId,Autodesk.Revit.DB.ElementId)",Sets the analytical model projection to a preset value.,Autodesk.Revit.DB.Structure,065582e2-88eb-8f9d-c776-22a338836e30,
SetProjection,,"M:Autodesk.Revit.DB.Structure.AnalyticalModelStick.SetProjection(Autodesk.Revit.DB.Structure.AnalyticalElementSelector,Autodesk.Revit.DB.ElementId,Autodesk.Revit.DB.Structure.StickElementProjectionZ)",Sets the analytical model projection to a preset value.,Autodesk.Revit.DB.Structure,9dab9e7a-c84c-bea9-113f-a9cfdb0fa4a8,
SetProjection,AnalyticalModelStick.SetProjection method,Overload:Autodesk.Revit.DB.Structure.AnalyticalModelStick.SetProjection,,Autodesk.Revit.DB.Structure,13de285e-7d46-b5a4-be0b-3223ecc813bd,method
SetReleaseType,AnalyticalModelStick.SetReleaseType method,"M:Autodesk.Revit.DB.Structure.AnalyticalModelStick.SetReleaseType(System.Boolean,Autodesk.Revit.DB.Structure.ReleaseType)",Sets the release type.,Autodesk.Revit.DB.Structure,a26c560c-0d07-7d90-8039-323c3f65fda6,method
SetReleases,AnalyticalModelStick.SetReleases method,"M:Autodesk.Revit.DB.Structure.AnalyticalModelStick.SetReleases(System.Boolean,System.Boolean,System.Boolean,System.Boolean,System.Boolean,System.Boolean,System.Boolean)",Sets the releases of element.,Autodesk.Revit.DB.Structure,489d1563-21b5-2bdd-fd52-ca230d7170eb,method
SetRestrictGroup,FabricationNetworkChangeService.SetRestrictGroup method,M:Autodesk.Revit.DB.Fabrication.FabricationNetworkChangeService.SetRestrictGroup(System.Boolean),This method is deprecated in Revit 2022 and may be removed in a future version of Revit. Please use the `SetRestrictPalette` method instead.,Autodesk.Revit.DB.Fabrication,b65e33e4-7377-1240-73bc-34b11180023a,method
SetServiceGroupExclusions,FabricationService.SetServiceGroupExclusions method,M:Autodesk.Revit.DB.FabricationService.SetServiceGroupExclusions(System.Collections.Generic.IList{System.Int32}),This method is deprecated in Revit 2022 and may be removed in a future version of Revit. Please use the `SetServicePaletteExclusions` method instead.,Autodesk.Revit.DB,c5ff6d23-80dd-541a-09c8-e328c25b46f0,method
SetUsesHardPoints,AnalyticalModel.SetUsesHardPoints method,M:Autodesk.Revit.DB.Structure.AnalyticalModel.SetUsesHardPoints(System.Boolean),Sets Hard Points for the Analytical Model.,Autodesk.Revit.DB.Structure,f8b238c2-bf0a-0412-e61f-e33ae213c5f7,method
SetupEnergySimulationDialog,"SetupEnergySimulationDialog class, about SetupEnergySimulationDialog class",T:Autodesk.Revit.UI.SetupEnergySimulationDialog,The Revit dialog which typically precedes invocation of an Energy Simulation run on the Green Building Studio server.,Autodesk.Revit.UI,e5d4bb87-459a-f136-0eac-fa9d93bafaaa,class
SetupEnergySimulationDialog,Autodesk.Revit.UI.SetupEnergySimulationDialog class,AllMembers.T:Autodesk.Revit.UI.SetupEnergySimulationDialog,,Autodesk.Revit.UI,c8311700-1fa3-430d-9c03-93bada186005,class
SetupEnergySimulationDialog,"SetupEnergySimulationDialog class, methods",Methods.T:Autodesk.Revit.UI.SetupEnergySimulationDialog,,Autodesk.Revit.UI,d6814e2a-0e93-fba2-4eae-0352f0d06304,methods
SetupEnergySimulationDialog,"SetupEnergySimulationDialog class, properties",Properties.T:Autodesk.Revit.UI.SetupEnergySimulationDialog,,Autodesk.Revit.UI,0bfd1ec2-0458-cf74-02fc-5b24bd95c772,properties
SetupEnergySimulationDialog,SetupEnergySimulationDialog.SetupEnergySimulationDialog constructor,M:Autodesk.Revit.UI.SetupEnergySimulationDialog.#ctor,Constructs a new instance of the SetupEnergySimulationDialog class.,Autodesk.Revit.UI,97d9517d-eff5-8b0f-055a-0ea305c17cf0,constructor
SetupEnergySimulationDialogResult,Cancel enumeration member,T:Autodesk.Revit.UI.SetupEnergySimulationDialogResult,Specifies identifiers to indicate the return value of the SetupEnergySimulationDialog,Autodesk.Revit.UI,d3180292-1471-edff-5b02-28a09795b770,member
Show,SetupEnergySimulationDialog.Show method,M:Autodesk.Revit.UI.SetupEnergySimulationDialog.Show,Shows the SetupEnergySimulationDialog to the user as a modal dialog.,Autodesk.Revit.UI,871786f7-ffcd-d593-83e3-24551d5d08fe,method
ShowOpening,AnalyticalModelSurface.ShowOpening method,M:Autodesk.Revit.DB.Structure.AnalyticalModelSurface.ShowOpening(Autodesk.Revit.DB.ElementId),Shows previously hidden set of curves originating from Opening.,Autodesk.Revit.DB.Structure,ebb811f2-c4ee-7071-1272-2528386a52cc,method
Size,ElectricalSystemSet.Size property,P:Autodesk.Revit.DB.Electrical.ElectricalSystemSet.Size,Returns the number of objects that are in the set.,Autodesk.Revit.DB.Electrical,bde9e06e-35b0-790b-1d0d-178905410560,property
SupportsManualAdjustment,AnalyticalModel.SupportsManualAdjustment method,M:Autodesk.Revit.DB.Structure.AnalyticalModel.SupportsManualAdjustment,Indicates if the Element supports Manual Analytical Adjustment.,Autodesk.Revit.DB.Structure,798803c4-c917-bbb1-ab91-bf08ecfaab5e,method
TaggedElementId,IndependentTag.TaggedElementId property,P:Autodesk.Revit.DB.IndependentTag.TaggedElementId,"The LinkElementId of the tagged element, if any. If the tag is tagged on a subelement of linked element, it returns the LinkElementId of the element.",Autodesk.Revit.DB,12ff75b5-2893-dee9-7321-85c3439e40f7,property
TaggedLocalElementId,IndependentTag.TaggedLocalElementId property,P:Autodesk.Revit.DB.IndependentTag.TaggedLocalElementId,"The ID of the tagged local element, if any. If the tag is tagged on a subelement of local element, it returns the element ID.",Autodesk.Revit.DB,759306d1-5168-ef9a-91e4-494c7eff0b5d,property
Temperature,CorrectionFactor.Temperature property,P:Autodesk.Revit.DB.Electrical.CorrectionFactor.Temperature,Get temperature which is used for specifying correction factor.,Autodesk.Revit.DB.Electrical,2e0b4ab9-f734-b42e-8df4-7475fe5a3526,property
TopExtension,AnalyticalModelSurface.TopExtension property,P:Autodesk.Revit.DB.Structure.AnalyticalModelSurface.TopExtension,The top extension option.,Autodesk.Revit.DB.Structure,68a6613b-623d-a2d1-6327-e67e3558cce9,property
TopExtension,AnalyticalModelColumn.TopExtension property,P:Autodesk.Revit.DB.Structure.AnalyticalModelColumn.TopExtension,The top extension option.,Autodesk.Revit.DB.Structure,85063492-df78-7f65-1dff-d32f6acb33b4,property
TopExtensionMethod,AnalyticalModelSurface.TopExtensionMethod property,P:Autodesk.Revit.DB.Structure.AnalyticalModelSurface.TopExtensionMethod,The top extension method option.,Autodesk.Revit.DB.Structure,dd67cb96-7b0f-e927-2c72-3025a2de3f2d,property
TopExtensionMethod,AnalyticalModelColumn.TopExtensionMethod property,P:Autodesk.Revit.DB.Structure.AnalyticalModelColumn.TopExtensionMethod,The top extension method option.,Autodesk.Revit.DB.Structure,2f317cdb-e61a-67ca-fc1b-07aa9ae1a983,property
TopExtensionPlaneId,AnalyticalModelColumn.TopExtensionPlaneId property,P:Autodesk.Revit.DB.Structure.AnalyticalModelColumn.TopExtensionPlaneId,The top extension plane ID option.,Autodesk.Revit.DB.Structure,e77d8fa9-80eb-b28e-bcf8-ce490661f31e,property
TopExtensionPlaneId,AnalyticalModelSurface.TopExtensionPlaneId property,P:Autodesk.Revit.DB.Structure.AnalyticalModelSurface.TopExtensionPlaneId,The top extension plane ID option.,Autodesk.Revit.DB.Structure,f8328f0b-2848-8842-cf37-a34f98a44837,property
Type,ExternalDefinitionCreationOptions.Type property,P:Autodesk.Revit.DB.ExternalDefinitionCreationOptions.Type,The type of the parameter definition to be created.,Autodesk.Revit.DB,2acacfd3-fed7-dfe0-aba8-c74782e3159f,property
UnitGroup,Infrastructure enumeration member,T:Autodesk.Revit.DB.UnitGroup,"A group of related unit types, primarily classified by discipline.",Autodesk.Revit.DB,b70c56d6-07db-8179-1d69-f2d168f86465,member
UsesHardPoints,AnalyticalModel.UsesHardPoints method,M:Autodesk.Revit.DB.Structure.AnalyticalModel.UsesHardPoints,Indicates if the Analytical Model is using Hard Points during approximation.,Autodesk.Revit.DB.Structure,b76793b3-2f24-c7c6-5c73-c1545fce1ac0,method
WallELASeperationOverlap,BuiltInFailures.OverlapFailures.WallELASeperationOverlap property,P:Autodesk.Revit.DB.BuiltInFailures.OverlapFailures.WallELASeperationOverlap,A wall and a load area separation line overlap. One of them may be ignored when Revit finds load area boundaries. Shorten or delete the load area separation line to remove the overlap.,Autodesk.Revit.DB,9a70a27f-f190-4983-ddcb-863b626ccad4,property
XMLConfigFileName,IFCFileWriteOptions.XMLConfigFileName property,P:Autodesk.Revit.DB.IFC.IFCFileWriteOptions.XMLConfigFileName,The XML configuration file name. It is used only for writing IFC-XML format file.,Autodesk.Revit.DB.IFC,dc184490-85dd-b984-0c27-374312cc3dd4,property
